Murder_Will_Out_(1939_film),Roy_William_Neill
Ford_Star_Jubilee,James_Neilson_(director)
Woman_on_the_Night_Train,Noboru_Tanaka
Suddenly_(2006_film),Johan_Brisinger
Being_Human_(1994_film),Bill_Forsyth
Rock_the_Casbah_(2013_film),Laïla_Marrakchi
X_(manga)__ova__1,Yoshiaki_Kawajiri
The_Stowaway_(1958_film),Lee_Robinson_(director)
Word_of_Mouth_(film),Kevin_Booth
Cómo_duele_callar,Miguel_Córcega
Power_Rangers_Lightspeed_Rescue,Isaac_Florentine
Frk._Vildkat,Alice_O'Fredericks
Those_Magnificent_Men_in_their_Flying_Machines,Ken_Annakin
Night_Zoo,Jean-Claude_Lauzon
Look_After_Your_Daughters,Sidney_M._Goldin
Sub_Rosa_(Star_Trek:_The_Next_Generation),Jonathan_Frakes
The_Second_Hundred_Years_(film),Fred_Guiol
Count_Svensson,Emil_A._Lingheim
Normal_(2007_film),Carl_Bessai
The_Most_Terrible_Time_in_My_Life,Kaizo_Hayashi
Touching_Home,Noah_Miller
Seven_Years_Bad_Luck,Max_Linder
Mahōjin_Guru_Guru__tv_series__1,Nobuaki_Nakanishi
Short_Peace,Shuhei_Morita
Shades_of_Gray_(Heroes),Greg_Beeman
Mother's_Day_(2010_film),Darren_Lynn_Bousman
The_Vanishing_Westerner,Philip_Ford_(film_director)
The_Prodigal_Son_(1981_film),Sammo_Hung
Hurricane_in_Galveston,King_Vidor
Below_the_Surface,Rupert_Kathner
Czechoslovakia_1968,Denis_Sanders
Triple_Cross_(1966_film),Terence_Young_(director)
Mykonos:_LKP_Casting_03,Ettore_Tosi
The_Milky_Waif,William_Hanna
Advanced_Introduction_to_Finality,Tristram_Shapeero
Esterina,Carlo_Lizzani
The_Case_of_Sergeant_Grischa_(film),Herbert_Brenon
New_Order_(Stargate_SG-1),Andy_Mikita
Jaankhilavan_Jasoos,B._P._Singh
In_Love_and_War_(1958_film),Philip_Dunne_(writer)
Our_Lady_of_Fatima_(film),Rafael_Gil
Barefoot_Sultan,Gilberto_Martínez_Solares
The_Scavengers_(1959_film),John_Cromwell_(director)
The_Pick-up_Artist_(film),James_Toback
Lewat_Djam_Malam,Usmar_Ismail
T.M.I._(South_Park),Trey_Parker
Band_Baaja_Baaraat,Maneesh_Sharma
Behind_the_Mask:_The_Rise_of_Leslie_Vernon,Scott_Glosserman
Play_Ball_(film),George_Gordon_(animator)
A_Bit_of_Love,Max_Neufeld
RangiTaranga,Anup_Bhandari
Ayal_Njanalla,Vineeth_Kumar
The_Bill_Poster,Manny_Gould
Competition_(1915_film),Tom_Ricketts
"Elise,_or_Real_Life",Michel_Drach
Nasu:_Summer_in_Andalusia,Kitarō_Kōsaka
Sisters_(2006_film),Douglas_Buck
The_Demons_of_Ludlow,Bill_Rebane
Stage_Struck_(1958_film),Sidney_Lumet
The_Cold_Light_of_Day_(2012_film),Mabrouk_El_Mechri
The_Old_Man_and_the_Sea_(miniseries),Jud_Taylor
Hollywood-Monster,Roland_Emmerich
Arrah-na-Pogue,Sidney_Olcott
Booker's_Place:_A_Mississippi_Story,Raymond_De_Felitta
The_Degraded,Alexander_Sokurov
12_(2007_film),Nikita_Mikhalkov
Between_Friends_(1973_film),Donald_Shebib
Street_Hero,Michael_Pattinson
"We_Love_You,_Conrad",John_Holmquist
Iron_Will,Charles_Haid
Playing_with_Fire_(1921_German_film),Robert_Wiene
Laughing_Gas_(1914_film),Charlie_Chaplin
Crude_(2009_film),Joe_Berlinger
Always_and_Forever_(film),Kevin_Connor_(director)
We_Are_No_Angels_(1975_film),Gianfranco_Parolini
Better_a_Widow,Duccio_Tessari
The_Wicker_Tree,Robin_Hardy_(film_director)
The_Great_White_Way_(1924_film),E._J._Babille
Dharavi_(film),Sudhir_Mishra
Kaadhal,Balaji_Sakthivel
Muhammad:_The_Last_Prophet,Richard_Rich_(director)
Strange_Days_(film),Kathryn_Bigelow
Villain_(2013_film),Tota_Roy_Chowdhury
Charlie_Chan_at_Treasure_Island,Norman_Foster_(director)
Gangster_(2006_film),Anurag_Basu
Mister_Roberts_(TV_series),Gene_Reynolds
Maytime_in_Mayfair,Herbert_Wilcox
Much_Ado_About_Nixi,Erich_Engel
The_Changeling_(TV_drama),Anthony_Page
Curse_of_the_Fly,Don_Sharp
Party_Girl_(2014_film),Samuel_Theis
Attack_Force_Z,Tim_Burstall
When_Knowledge_Conquered_Fear,Brannon_Braga
Highway_to_Dhampus,Rick_McFarland
Paris_Plane,John_Paddy_Carstairs
Vishkanya_Ek_Anokhi_Prem_Kahani,Saba_Mumtaz
The_Lineup_(film),Don_Siegel
Every_Secret_Thing_(film),Amy_J._Berg
Joke_Over,Bill_Bain_(director)
Vaali_(film),S._J._Surya
Stag_Night,Peter_A._Dowling
"Bertoldo,_Bertoldino_e_Cacasenno",Mario_Monicelli
The_Doorman,Andy_Ackerman
Love_on_Credit,Leste_Chen
After_Pilkington,Christopher_Morahan
Otto_–_Der_Film,Otto_Waalkes
His_Last_Twelve_Hours,Luigi_Zampa
My_Ex,Piyapan_Choopetch
Moonwalker,Will_Vinton
The_Spaniard_(film),Raoul_Walsh
Night_of_the_Creeps,Fred_Dekker
Fools_for_Scandal,Mervyn_LeRoy
Bad_Day_to_Go_Fishing,Álvaro_Brechner
Anuraga_Devata,Tatineni_Rama_Rao
Roots:_The_Next_Generations,John_Erman
Can't_Hardly_Wait,Deborah_Kaplan
Stealth_Fighter,Jim_Wynorski
Shura_(film),Toshio_Matsumoto
To_Want_to_Fly,Maurizio_Nichetti
The_Enforcer_(1976_film),James_Fargo
The_Nude_Woman_(1932_film),Jean-Paul_Paulin
I'm_No_Angel,Wesley_Ruggles
Live_Feed,Ryan_Nicholson
The_Fantastic_Flying_Books_of_Mr._Morris_Lessmore,William_Joyce_(writer)
Trasgredire,Tinto_Brass
Ocean's_Thirteen,Steven_Soderbergh
"Ed,_Edd_n_Eddy's_Big_Picture_Show",Danny_Antonucci
Bond_of_Strangers,Max_Fraser
Over_the_Waves_(film),Ismael_Rodríguez
The_Star_Maker_(1995_film),Giuseppe_Tornatore
Eeram,Arivazhagan_Venkatachalam
Infernal_Affairs_II,Alan_Mak_(director)
Hoodman_Blind,John_Ford
Family_Dog_(TV_series),Chris_Buck
The_Five_Heartbeats,Robert_Townsend_(actor)
No_Sad_Songs_for_Me,Rudolph_Maté
Moonlight_and_Mistletoe,Karen_Arthur
The_Unfinished_Conversation,John_Akomfrah
Mr._Bond,Raj_N._Sippy
Curse_(The_Secret_Circle),John_Fawcett_(director)
Dr._Dolittle_2,Steve_Carr
Les_Brûlés,Bernard_Devlin_(director)
Shifty_(film),Eran_Creevy
Istanbul_Beneath_My_Wings,Mustafa_Altıoklar
La_doppia_ferita,Augusto_Genina
Personal_Demons_(The_Twilight_Zone),Peter_Medak
Woman_with_Red_Hair,Tatsumi_Kumashiro
Schlußakkord,Douglas_Sirk
Gas_House_Kids,Sam_Newfield
Radical_Dreamers,Masato_Kato
Vietnam_(miniseries),John_Duigan
Vanna_Kanavugal,Ameerjan
Come_September,Robert_Mulligan
A_Drifting_Life__film__1,Eric_Khoo
Perum_Pulli,Vikraman
The_Barefoot_Contessa,Joseph_L._Mankiewicz
When_the_Trees_Were_Tall,Lev_Kulidzhanov
The_Assisi_Underground_(film),Alexander_Ramati
The_Music_Lovers,Ken_Russell
Ashes_of_Vengeance,Frank_Lloyd
Si_Adelita_se_fuera_con_otro,Chano_Urueta
Cops_vs._Thugs,Kinji_Fukasaku
De_turno_con_la_muerte,Julio_Porter
Down_to_the_Sea,Lewis_D._Collins
Sanctuary_for_All,Martin_Wood_(director)
Evidence_(2013_film),Olatunde_Osunsanmi
Schizoid_(film),David_Paulsen
Graduate_First,Maurice_Pialat
Thirayum_Theeravum,K._G._Rajasekharan
El_Pibe_Cabeza,Leopoldo_Torre_Nilsson
Zebraman,Takashi_Miike
A_Hero_Never_Dies,Johnnie_To
Most_Likely_to_Die,Anthony_DiBlasi
Haisiyat,Dasari_Narayana_Rao
Cannibal_Girls,Ivan_Reitman
The_Dollar-a-Year_Man,James_Cruze
The_Xposé,Anant_Mahadevan
La_Ballade_des_Dalton,René_Goscinny
Mr._Novak,Ida_Lupino
House_of_Dark_Shadows,Dan_Curtis
Spring_Fever_(2009_film),Lou_Ye
Camp_Rock_2:_The_Final_Jam,Paul_Hoen
Tugs_(TV_series),Chris_Tulloch
The_Tiger_of_Circus_Farini,Uwe_Jens_Krafft
Never_Trust_a_Ghost,Jeremy_Summers
The_Daughters_of_Helena,Mariano_Ozores
"Sorry,_You_Can't_Get_Through!",Luca_Miniero
Jolly_LLB,Subhash_Kapoor
Dohchay,Sudheer_Varma
Big_School_(TV_series),Tony_Dow
Every_Other_Weekend_(film),Nicole_Garcia
Khandaan_(1979_film),Anil_Ganguly
Royal_Waltz,Jean_Grémillon
Lorna_Doone_(1922_film),Maurice_Tourneur
The_Man_Who_Knew_Too_Little,Jon_Amiel
Boundaries_of_the_Heart,Lex_Marinos
This_Sporting_Life,Lindsay_Anderson
The_Impostors,Stanley_Tucci
Crime_Time,Nassos_Vakalis
Maborosi,Hirokazu_Koreeda
The_Casual_Vacancy_(TV_series),Jonny_Campbell
Pride_and_Prejudice_(1995_TV_series),Simon_Langton_(television_director)
Looney_Tunes_Platinum_Collection:_Volume_1,Friz_Freleng
Mabel_Lost_and_Won,Mabel_Normand
The_Luck_of_Roaring_Camp_(1911_film),W._J._Lincoln
Who_Shaves_the_Barber%3F,Scott_Winant
Absurdistan_(film),Veit_Helmer
Two_O'Clock_Courage,Anthony_Mann
Dr._Jekyll_and_Mr._Hyde_(1913_film),Herbert_Brenon
So_You_Won't_Squawk!,Jules_White
Night_Train_to_Milan,Marcello_Baldi
Code_of_Honor_(Star_Trek:_The_Next_Generation),Russ_Mayberry
The_Final_Hour_(film),D._Ross_Lederman
Baadasssss!,Mario_Van_Peebles
Rest_Stop_(film),John_Shiban
It_Happened_in_the_Park,Vittorio_De_Sica
Tomie_(film_series),Shun_Nakahara
Riders_of_the_Range_(1923_film),Otis_B._Thayer
The_Burglar's_Dilemma,D._W._Griffith
The_Sea_Vultures,Victor_Sjöström
Road_to_Paloma,Jason_Momoa
"Monkeys,_Go_Home!",Andrew_V._McLaglen
The_Transporter_Refueled,Camille_Delamarre
"My_Sister,_My_Love_(film)",Vilgot_Sjöman
First_Orbit,Christopher_Riley
The_Broadway_Melody,Harry_Beaumont
Central_Airport_(film),William_A._Wellman
Date_Night,Shawn_Levy
Inquest_(1931_German_film),Robert_Siodmak
If_I_See_You_in_My_Dreams__ova__1,Hiroshi_Watanabe_(animator)
Black_Sea_(film),Kevin_Macdonald_(director)
Jayikkaanaay_Janichavan,J._Sasikumar
Winter_Kept_Us_Warm,David_Secter
The_Beautiful_Adventure_(1932_German-language_film),Reinhold_Schünzel
Help_Wanted_(1915_film),Hobart_Bosworth
Four_Nights_of_a_Dreamer,Robert_Bresson
Arabian_Nights_(2015_film),Miguel_Gomes_(director)
Shyloo,S._Narayan
Zameen_Aasmaan_(1984_film),Bharat_Rangachary
'Til_There_Was_You,Scott_Winant
En_Swasa_Kaatre,K._S._Ravi
Adventure_(1945_film),Victor_Fleming
Seilergasse_8,Joachim_Kunert
Subah_Ka_Tara,V._Shantaram
The_Lion_King_1½,Bradley_Raymond
Jo_and_the_Boy,Rojin_Thomas
Jack_Smith_and_the_Destruction_of_Atlantis,Mary_Jordan_(filmmaker)
Monarch_Douglas_Bank,Paul_A._Edwards
"The_Long,_Hot_Summer",Martin_Ritt
The_Happy_Time,Richard_Fleischer
The_Sixteen-Millimeter_Shrine,Mitchell_Leisen
The_Last_of_the_Finest,John_Mackenzie_(film_director)
Let_Me_Stand_Next_to_Your_Fire,Brad_Turner_(director)
"Mary_Latimer,_Nun",Bert_Haldane
Shavukaru,L._V._Prasad
The_Story_of_a_Three-Day_Pass,Melvin_Van_Peebles
Forbidden_Paths,Robert_Thornby
What_Is..._Cliff_Clavin%3F,Andy_Ackerman
Battling_Butler,Buster_Keaton
Cousinhood,Daniel_Sánchez_Arévalo
The_Throwback_(1935_film),Ray_Taylor_(director)
El_Topo,Alejandro_Jodorowsky
Hello_Brother_(1994_film),E._V._V._Satyanarayana
Kentucky_Kernels,George_Stevens
Lakshmanrekha,Sunil_Sikand
Black_Caesar_(film),Larry_Cohen
Westler,Wieland_Speck
Closet_Land,Radha_Bharadwaj
The_January_Man,Pat_O'Connor_(director)
Blue_City_(film),Michelle_Manning
Colossal_(film),Nacho_Vigalondo
Innerstate,Chris_Valentino
The_Little_Boy_Scout,Francis_J._Grandon
Xtro,Harry_Bromley_Davenport
Slacker_(film),Richard_Linklater
Mi_marido_y_mi_novio,Carlos_Schlieper
Silence_(2013_film),V._K._Prakash
Bloodline_(1979_film),Terence_Young_(director)
Heart_of_a_Siren,Phil_Rosen
Bolo_Na_Tumi_Aamar,Sujit_Mondal
Top_Secret_(1952_film),Mario_Zampi
Crooks_in_Cloisters,Jeremy_Summers
The_Lure_of_London,Bert_Haldane
Şeytan,Metin_Erksan
Angels_&_Insects,Philip_Haas
The_Orchestra_Conductor,Andrzej_Wajda
Summer_of_Sam,Spike_Lee
The_Accompanist,Claude_Miller
Tenchi_Muyo!_War_on_Geminar,Masaki_Kajishima
Doni_Sagali,Rajendra_Singh_Babu
Black_White_+_Gray,James_Crump
Seraa_Ala_El_Remal,Hatem_Ali
A_Time_for_Drunken_Horses,Bahman_Ghobadi
Tajna_starog_tavana,Vladimir_Tadej
Beyond_This_Place_(1959_film),Jack_Cardiff
Beyond_Shadowgate,Dave_Marsh_(game_developer)
Lady_Gaga_Presents_the_Monster_Ball_Tour:_At_Madison_Square_Garden,Laurieann_Gibson
The_Duke_of_West_Point,Alfred_E._Green
Star_Voice_of_India_2,Gajendra_Singh
Neengal_Kettavai,Balu_Mahendra
Silence_of_the_North,Allan_King
Mastram,Akhilesh_Jaiswal
A_Burning_Passion:_The_Margaret_Mitchell_Story,Larry_Peerce
Express_13,Alfred_Zeisler
Bloodlust!,Ralph_Brooke
Revenge_of_Itzik_Finkelstein,Enrique_Rottenberg
Easter_Yeggs,Robert_McKimson
Looney_Tunes_Showcase:_Volume_1,Bob_Clampett
Vinnie_&_Bobby,James_Widdoes
Así_O_De_Otra_Manera,David_José_Kohon
Tatakau_Shisho__tv_series__1,Toshiya_Shinohara
Latin_Lovers_(1965_film),Mario_Costa_(director)
Department_Store_(1939_film),Mario_Camerini
Fleshtone,Harry_Hurwitz
200_Motels,Tony_Palmer
The_War_on_Kids,Cevin_Soling
The_Fire_Raisers_(film),Michael_Powell
Sundhara_Travels,Thaha
Mademoiselle_ma_mère,Henri_Decoin
Three_Telegrams,Henri_Decoin
Gunsmoke:_Return_to_Dodge,Vincent_McEveety
Under_the_Salt,Mario_Muñoz
Bromo_and_Juliet,Leo_McCarey
Crossing_Over_(film),Wayne_Kramer_(filmmaker)
Tunnel_Vision_(film),Neal_Israel
Boris_Godunov_(1986_film),Sergei_Bondarchuk
Lemming_(film),Dominik_Moll
The_Roaring_Road,Frank_Urson
Ante_Up_(film),Paolo_Nuzzi
Kana_Kanmani,Akku_Akbar
Holy_Flying_Circus,Owen_Harris_(director)
Vikramadithyan,Lal_Jose
Money_to_Burn_(1926_film),Walter_Lang
A_Flat_(film),Hemant_Madhukar
The_Fourth_Man_(2007_film),Dejan_Zečević
Betty_Boop_and_Grampy,Dave_Fleischer
Flowers_and_Trees,Burt_Gillett
Grandmentor,Beth_McCarthy-Miller
Specials_@_10,Vikram_Bhatt
Melissa_P._(film),Luca_Guadagnino
María_José_(1995_telenovela),Beatriz_Sheridan
Gangster's_Law,Siro_Marcellini
The_Man_of_the_Hour_(1914_film),Maurice_Tourneur
The_Tooth_Will_Out,Edward_Bernds
Silent_Night_(2012_film),Steven_C._Miller
Emerald_City_(TV_series),Tarsem_Singh
My_Name_Is_Bill_W.,Daniel_Petrie
Aaytha_Ezhuthu,Mani_Ratnam
An_Angel_for_Satan,Camillo_Mastrocinque
Happy_Go_Ducky,William_Hanna
Three_Girls_Lost,Sidney_Lanfield
The_Night_Porter,Liliana_Cavani
Sex_Education_(Parks_and_Recreation),Craig_Zisk
Mission:_Impossible_(film_series),Brad_Bird
Five_(1951_film),Arch_Oboler
The_Jury's_Secret,Edward_Sloman
Prithvi_Vallabh,Sohrab_Modi
The_Lovers_of_Manon_Lescaut,Mario_Costa_(director)
Rain_Tree_(film),Hossein_Shahabi
Chicago_(2002_film),Rob_Marshall
Port_of_Temptation,René_Cardona
Poor_Girls,William_James_Craft
Lady_of_the_Lake_(Once_Upon_a_Time),Milan_Cheylov
The_Framed_Cat,Joseph_Barbera
No_Love_for_Johnnie,Ralph_Thomas
Zombie_Night_2:_Awakening,David_J._Francis
Let_Bartlet_Be_Bartlet,Laura_Innes
Human_Cobras,Bitto_Albertini
The_Makioka_Sisters_(film),Kon_Ichikawa
The_Fire_(1916_film),Giovanni_Pastrone
Fortean_TV,Luke_Campbell_(director)
El_Alamein:_The_Line_of_Fire,Enzo_Monteleone
Dear_Brigitte,Henry_Koster
Suvarna_Sethuve,Geethapriya
Do_Your_Duty,William_Beaudine
Win_Win_(film),Tom_McCarthy_(director)
Dolphins_(2000_film),Greg_MacGillivray
Spy_of_Madame_Pompadour,Karl_Grune
The_Nightbirds_of_London,Frank_Wilson_(director)
Barenaked_in_America,Jason_Priestley
NCR:_Not_Criminally_Responsible,John_Kastner_(filmmaker)
Darna_(2009_TV_series),Don_Michael_Perez
The_Woody_Woodpecker_Show,Alex_Lovy
Air_Raid_Wardens,Edward_Sedgwick
Second_Choice,Howard_Bretherton
My_Nanny's_Secret,Douglas_Jackson_(filmmaker)
The_Law_of_the_Yukon,Charles_Miller_(director)
Luke_Wins_Ye_Ladye_Faire,Hal_Roach
Joint_Security_Area_(film),Park_Chan-wook
Day_Break_Illusion__tv_series__1,Keizō_Kusakawa
Jalisco_Fair,Chano_Urueta
Extreme_Spots,Luke_Brookshier
American_Juniors,Bruce_Gowers
Diggers_in_Blighty,Raymond_Longford
A_Mix_Up_in_Hearts,Oliver_Hardy
Family_Plan_(1997_film),Fred_Gerber
Night_of_the_Orangutan,Kjell-Åke_Andersson
Carne_de_presidio,Emilio_Gómez_Muriel
The_Gambler_(film_series),Dick_Lowry
The_Green_Archer_(1961_film),Jürgen_Roland
Not_My_Type,Lucas_Belvaux
That_You_Fear_the_Most,Lodge_Kerrigan
Live_Evil_(film),Jay_Woelfel
Avunu_Valliddaru_Ista_Paddaru!,Vamsy
Soldier_of_Orange,Paul_Verhoeven
Kabukicho_Love_Hotel,Ryūichi_Hiroki
Rawhide_(1951_film),Henry_Hathaway
Drugstore_Girl,Katsuhide_Motoki
Brush_with_Fate,Brent_Shields
Gendai-jin,Minoru_Shibuya
Phir_Bhi_Dil_Hai_Hindustani,Aziz_Mirza
Boyy_Friennd,Vinayan
En_Thamizh_En_Makkal,Santhana_Bharathi
Strangers_in_the_Night_(film),Anthony_Mann
Nowhere_to_Run_(1989_film),Carl_Franklin
The_Gentleman_Without_a_Residence,Heinrich_Bolten-Baeckers
Monsters_(2010_film),Gareth_Edwards_(director)
Business_and_Pleasure,David_Butler_(director)
Swan_Song_(Glee),Brad_Falchuk
Fish_Tank_(film),Andrea_Arnold
Gamma_(miniseries),Salvatore_Nocita
Arbor_Day_(film),Fred_C._Newmeyer
The_Manxman_(1917_film),George_Loane_Tucker
Ratty_(film),Lennart_Gustafsson
"Red_Margaret,_Moonshiner",Allan_Dwan
The_House_Always_Wins,Marita_Grabiak
"Casablanca,_Nest_of_Spies",Henri_Decoin
You_for_Me,Don_Weis
Amara_Shilpi_Jakkanna,B._S._Ranga
The_Other_Man_(1916_film),Mack_Sennett
The_Isle_of_Pingo_Pongo,Tex_Avery
Go_Figure_(film),Francine_McDougall
Bob_&_Carol_&_Ted_&_Alice_(TV_series),Leo_Penn
Saraba_Kamen_Rider_Den-O:_Final_Countdown,Osamu_Kaneda
Air_Bud:_Spikes_Back,Mike_Southon_(cinematographer)
Gone_in_60_Seconds_(1974_film),H._B._Halicki
Bananas_for_Betty,Michael_Spiller
Fear_(of_the_Unknown)_(Grey's_Anatomy),Tony_Phelan
The_Dick_Powell_Show,Ray_Milland
Flipotte,Jacques_de_Baroncelli
To_a_Tee,Matt_Riddlehoover
McLaren's_Negatives,Marie-Josée_Saint-Pierre
Wolves_(2014_film),David_Hayter
San_Antonio_(film),David_Butler_(director)
Kentucky_Minstrels_(film),John_Baxter_(director)
Foetus_(film),Márta_Mészáros
Wealth_Without_a_Future,Ferdinando_Maria_Poggioli
Payment_Deferred_(film),Lothar_Mendes
10_Cloverfield_Lane,Dan_Trachtenberg
Sorority_House_(film),John_Farrow
High_Society_Blues,David_Butler_(director)
Radio_(2003_film),Michael_Tollin
Warrior_of_the_Lost_World,David_Worth_(cinematographer)
La_liceale_nella_classe_dei_ripetenti,Mariano_Laurenti
De_Dhakka,Atul_Kale
Police_Academy_2:_Their_First_Assignment,Jerry_Paris
Final_Fantasy_XIII-2,Motomu_Toriyama
300:_Rise_of_an_Empire,Noam_Murro
An_Innocent_Adventuress,Robert_G._Vignola
She_Learned_About_Sailors,George_Marshall_(director)
As_Tears_Go_By_(film),Wong_Kar-wai
"Here,_Beneath_the_North_Star",Edvin_Laine
Me_and_My_Pal_(1933_film),Lloyd_French
Sita_Rama_Kalyanam,Jandhyala_Subramanya_Sastry
Love_Never_Dies_(1955_film),Luis_César_Amadori
The_Queen_(2012_film),Mohammad_Ali_Bashe_Ahangar
The_Song_of_the_Riverside,Julio_Irigoyen
The_Happiest_Millionaire,Norman_Tokar
Encadenados_(1969_telenovela),Rafael_Banquells
Mary_Kom_(film),Omung_Kumar
Steel_Chariots,Tommy_Lee_Wallace
Ae_Fond_Kiss...,Ken_Loach
Midnight_Club_(film),Alexander_Hall
Nammanna_Don,Ramesh_Aravind
Detour_(NCIS),Mario_Van_Peebles
Antony_and_Cleopatra_(1972_film),Charlton_Heston
The_Sacrifice,Andrei_Tarkovsky
Premonition_(2004_film),Norio_Tsuruta
The_Heart_of_Youth,Robert_G._Vignola
Saazish_(1988_film),Rajkumar_Kohli
Beauty_of_the_World,Mario_Almirante
Hyper_(film),Santosh_Srinivas
Cookoo_Cavaliers,Jules_White
Indonesia_Calling,Joris_Ivens
The_Black_Robe_(film),Fritz_Peter_Buch
Just_Any_Woman,Rafael_Gil
Andari_Bandhuvaya,Chandra_Siddhartha
The_Secret_Agent_(1924_film),Erich_Schönfelder
Paradise_Road_(1997_film),Bruce_Beresford
Man_Afraid,Harry_Keller
La_Tarea,Jaime_Humberto_Hermosillo
Everything_in_Life,J._Elder_Wills
Phantom_of_Inferno,Kōichi_Mashimo
Rule_No._1,Kelvin_Tong
Once_Upon_a_Time_(The_Twilight_Zone),Norman_Z._McLeod
Angels_One_Five,George_More_O'Ferrall
The_Other_Side_of_the_Mountain_Part_2,Larry_Peerce
Mismates,Charles_Brabin
Canciones_para_después_de_una_guerra,Basilio_Martín_Patino
The_Mysterious_Monsters,Robert_Guenette
Video_Nasty_(Only_Fools_and_Horses),Ray_Butt
The_Specialist,Luis_Llosa
Rock_Star_(Law_&_Order:_Criminal_Intent),Bill_D'Elia
A_Saturday_on_Earth,Diane_Bertrand
Maya_Kannadi,Cheran_(director)
The_Little_Vampire_(TV_series),René_Bonnière
Big_Timber_(film),William_Desmond_Taylor
Happy_Days_(1991_film),Aleksei_Balabanov
Old_Gringo,Luis_Puenzo
Zamane_Se_Poocho,Abrar_Alvi
The_Little_Soldier,Jean-Luc_Godard
The_Sun_Has_Ears,Yim_Ho
The_Calling_(2009_film),Jan_Dunn
The_Legacy_of_a_Whitetail_Deer_Hunter,Jody_Hill
Two_Men_and_Two_Women_Amongst_Them,Rafael_Gil
Firewatch,Sean_Vanaman
Shera_(film),T._L._V._Prasad
Rodrigo_D:_No_Future,Víctor_Gaviria
THX_1138,George_Lucas
The_Mothers_of_Plaza_de_Mayo,Lourdes_Portillo
Charulata,Satyajit_Ray
"De_bloemen,_die_de_ziel_vertroosten",Louis_H._Chrispijn
A_Severa_(film),José_Leitão_de_Barros
It's_Great_to_Be_Young_(1956_film),Cyril_Frankel
Sinbad_(TV_series),Brian_Grant_(director)
Waxworks_(film),Paul_Leni
52nd_Street_(film),Harold_Young_(director)
Kamini_(film),Subair
Her_Final_Role,Jean_Gourguet
Change_of_Sex,Vicente_Aranda
Musang_Berjanggut,P._Ramlee
Itadakiman,Hiroshi_Sasagawa
Meet_Kevin_Johnson,Stephen_Williams_(director)
Singapore_Sling_(1990_film),Nikos_Nikolaidis
Her_Chum's_Brother,Sidney_Olcott
Bhoomiyile_Rajakkanmar,Thampi_Kannanthanam
Double_Whammy_(film),Tom_DiCillo
Andha_Bichar,Shakti_Samanta
Taxi_4,Gérard_Krawczyk
Hava_Aney_Dey,Partho_Sen-Gupta
Luke's_Fatal_Flivver,Hal_Roach
I'll_Remember_(The_Vampire_Diaries),Jeffrey_Hunt
Chennai2Singapore,Abbas_Akbar
The_Message_(2009_film),Gao_Qunshu
Vacation_(2005_film),K._K._Haridas
I_Love_Hong_Kong,Eric_Tsang
"Han,_hun_og_Hamlet",Lau_Lauritzen_Sr.
Stolen_Heaven,George_Abbott
"Elmer,_the_Great",Mervyn_LeRoy
Ponmudi_(1950_film),Ellis_R._Dungan
Bill_Cosby_77,Robert_Townsend_(actor)
Nostromo_(TV_serial),Alastair_Reid_(director)
Killer_Net,Geoffrey_Sax
Crocodile_(2000_film),Tobe_Hooper
Fresh_Beat_Band_of_Spies,Chuck_Sheetz
"I,_Don_Giovanni",Carlos_Saura
Caboblanco,J._Lee_Thompson
Azumi_(film),Ryuhei_Kitamura
Women_He's_Undressed,Gillian_Armstrong
Mr._Palfrey_of_Westminster,Gerald_Blake
The_Toxic_Avenger_Part_III:_The_Last_Temptation_of_Toxie,Michael_Herz_(producer)
Maa_Ooru,B._Narsing_Rao
"Good_Bye,_Radar",Charles_S._Dubin
Frenzied_Finance,Bobby_Burns
Ferrari_(film),Carlo_Carlei
Iphigenia_(film),Michael_Cacoyannis
Sarah_G._Presents,Wenn_V._Deramas
How_She_Triumphed,D._W._Griffith
Andha_Naal,Sundaram_Balachander
The_Harem_World_Tour:_Live_from_Las_Vegas,Bruce_Gowers
Springsteen_&_I,Baillie_Walsh
Diane_of_the_Green_Van,Wallace_Worsley
Belle_of_the_Yukon,William_A._Seiter
Diamond_Necklace_(film),Lal_Jose
Kunjaliyan,Saji_Surendran
The_Rebirth_(film),Masahiro_Kobayashi_(director)
Going_Ape!,Jeremy_Joe_Kronsberg
Paper_Clips_(film),Joe_Fab
Light's_Diamond_Jubilee,Roy_Rowland_(film_director)
The_Two_Faces_of_January_(film),Hossein_Amini
Unaru,Mani_Ratnam
Miss_Arizona_(film),Pál_Sándor_(director)
Cliffhanger_(film),Renny_Harlin
A_Régiséggyüjtö,Alfréd_Deésy
Richie_Rich_Show,Ray_Patterson_(animator)
Yahan_Pyar_Nahi_Hai,Fahim_Burney
Baby_(Supernatural),Thomas_J._Wright
Redfern_Now,Rachel_Perkins
The_Law_Is_the_Law,Christian-Jaque
George_White's_1935_Scandals,George_White_(producer)
Bandolero!,Andrew_V._McLaglen
The_Sun_Also_Rises_(1957_film),Henry_King_(director)
Begging_for_Billionaires,Phil_Klein
The_Pride_of_the_Fancy,Albert_Ward_(film_director)
Payback_(2012_film),Jennifer_Baichwal
Emma_(1996_theatrical_film),Douglas_McGrath
Empire_of_Dreams,Kevin_Burns
Fighter_Pilot:_Operation_Red_Flag,Stephen_Low
Zenith_(film),Vladan_Nikolic
The_Dragon_Dentist,Kazuya_Tsurumaki
Night_Riders_of_Montana,Fred_C._Brannon
Wild_Brian_Kent,Howard_Bretherton
Bekhudi,Rahul_Rawail
De_Danadan,Mahesh_Kothare
May_33rd,David_Attwood
The_Thief_of_Bagdad_(1940_film),Michael_Powell
Eaux_d'Artifice,Kenneth_Anger
"Teta,_Alf_Marra",Mahmoud_Kaabour
Pom_Pom_(film),Joe_Cheung
Azhar_(film),Tony_D'Souza
Good_Morning_(film),Yasujirō_Ozu
Sleep_Dealer,Alex_Rivera
Cocktails_(The_Office),J._J._Abrams
Sabotage_(Stargate_Universe),Peter_DeLuise
The_Judgement_House,J._Stuart_Blackton
Strange_Triangle,Ray_McCarey
Star_Spangled_Girl,Jerry_Paris
Gowdru,S._Mahendar
Do-Over,Don_Scardino
Napoléon_(1927_film),Abel_Gance
Massacre_at_Central_High,Rene_Daalder
The_Ancient_Highway,Irvin_Willat
Lost_in_Space,Sobey_Martin
Deepa_&_Rupa:_A_Fairy_Tale_from_India,Manick_Sorcar
The_Voyager_Conspiracy,Terry_Windell
NBC_Matinee_Theater,John_Drew_Barrymore
All_You_Need_Is_Cash,Eric_Idle
Polishuk,Shmuel_Hasfari
A_Killer_Among_Friends,Charles_Robert_Carner
Birdemic_2:_The_Resurrection,James_Nguyen
Curiosity_Kills_the_Cat_(film),Zhang_Yibai
Perfect_Body,Douglas_Barr
From_Janet_to_Damita_Jo:_The_Videos,Paul_Hunter_(director)
Sleeping_Car_to_Trieste,John_Paddy_Carstairs
In_This_Our_Life,John_Huston
English_as_a_Second_Language_(Community),Gail_Mancuso
Super_Friends:_The_Legendary_Super_Powers_Show,Ray_Patterson_(animator)
Bad_Ass_(film),Craig_Moss
Themmadi_Velappan,Hariharan_(director)
Teenage_Mutant_Ninja_Turtles_II:_The_Secret_of_the_Ooze,Michael_Pressman
Death_Hunt,Peter_R._Hunt
Don't_Let_It_Get_You,John_O'Shea_(director)
Red_River_Renegades,Thomas_Carr_(director)
Obsessed_(2014_film),Kim_Dae-woo
On_the_Run_(1982_film),Mende_Brown
House_Party_2,Doug_McHenry
Cairo_(1963_film),Wolf_Rilla
Afternoon_Delight_(film),Jill_Soloway
La_Captive,Chantal_Akerman
Rise_of_the_Gargoyles,Bill_Corcoran
Brewster_Place,Bill_Duke
Ten_Modern_Commandments,Dorothy_Arzner
The_Valley_of_the_Giants_(1927_film),Charles_Brabin
Amazing_Journey:_The_Story_of_The_Who,Paul_Crowder_(filmmaker)
All_About_Actresses,Maïwenn
The_Stranger_and_the_Gunfighter,Antonio_Margheriti
The_White_Sister_(1960_film),Tito_Davison
The_Mary_Tyler_Moore_Hour,Walter_C._Miller
Wild_Romance_(2006_film),Jean_van_de_Velde_(director)
Transcendence_(2014_film),Wally_Pfister
Mediterranea_(film),Jonas_Carpignano
Song_for_Marion,Paul_Andrew_Williams
Ourselves_Alone_(Boardwalk_Empire),David_Petrarca
Lethal_Weapon_3,Richard_Donner
H_(1990_film),Darrell_Wasyk
I'll_CKBC,Itsuro_Kawasaki
Nallathai_Naadu_Kekum,Jeppiaar
Comedians_(film),Juan_Antonio_Bardem
The_Battle_of_Brains,Stanley_Hawes
"Jack_McCall,_Desperado",Sidney_Salkow
Joseph_and_the_Amazing_Technicolor_Dreamcoat_(film),David_Mallet_(director)
Janumada_Gelathi,Dinesh_Baboo
Houp_La!_(film),Frank_Miller_(screenwriter)
19:19,Thomas_J._Wright
Happy_Killers,Kim_Dong-wook
It_Follows,David_Robert_Mitchell
Georgia_(1988_film),Ben_Lewin
Ikiteiru_Koheiji,Nobuo_Aoyagi
If_I_See_You_in_My_Dreams__tv_series__1,Takeshi_Yamaguchi
Feeding_Frenzy_(Magic_City),Ed_Bianchi
Kidnapping_Freddy_Heineken,Daniel_Alfredson
Can't_Complain,Richard_Johnson_(director)
Police_Story_4:_First_Strike,Stanley_Tong
Across_the_Line_(2000_film),Martin_Spottl
Sorry_Baby,Feng_Xiaogang
Chuck_Versus_the_Sensei,Jonas_Pate
The_Fabulous_Baron_Munchausen,Karel_Zeman
Unfolding_Florence:_The_Many_Lives_of_Florence_Broadhurst,Gillian_Armstrong
Birthright_(Star_Trek:_The_Next_Generation),Winrich_Kolbe
South_of_the_Clouds,Zhu_Wen_(director)
The_Raggedy_Rawney,Bob_Hoskins
Bugs_Bunny_Gets_the_Boid,Bob_Clampett
The_Guns_of_Fort_Petticoat,George_Marshall_(director)
Chandi_Kori,Devadas_Kapikad
Three_Missing_Links,Jules_White
Un_prete_tra_noi,Giorgio_Capitani
Flo,Dick_Martin_(comedian)
Totally_Bill_Hicks,Kevin_Booth
London_Town_(film),Wesley_Ruggles
Babylon_A.D.,Mathieu_Kassovitz
Regrets..._I've_Had_a_Few,Gus_Trikonis
Zulmi,Kuku_Kohli
Arvingen,Jon_Iversen
Ponni_(film),Thoppil_Bhasi
Dragonfly_(2002_film),Tom_Shadyac
Lenin_in_Paris,Sergei_Yutkevich
Tom_at_the_Farm,Xavier_Dolan
The_Don_Is_Dead,Richard_Fleischer
I_Am_a_Sex_Addict,Caveh_Zahedi
Though_None_Go_with_Me,Armand_Mastroianni
TMNT_(film),Kevin_Munroe
Because_I_Love_You_(film),Johannes_Guter
Travels_in_the_Congo,Marc_Allégret
Love_in_the_Ring,Reinhold_Schünzel
The_Oxford_Murders_(film),Álex_de_la_Iglesia
Something_Nice_Back_Home,Stephen_Williams_(director)
Sepet,Yasmin_Ahmad
Fifty_Pills,Theo_Avgerinos
I_morti_non_pagano_tasse,Sergio_Grieco
Janumada_Jodi,T._S._Nagabharana
Blue_Grass_of_Kentucky,William_Beaudine
Deliver_Us_from_Evil_(2014_film),Scott_Derrickson
Ong_Bak_2,Tony_Jaa
The_House_of_Fortescue,Frank_Wilson_(director)
Hatter's_Castle_(film),Lance_Comfort
Miss_Nobody_(2010_film),Tim_Cox
Asew,Phil_Jutzi
The_Terrible_Lovers,Marc_Allégret
The_Nun_and_the_Devil,Domenico_Paolella
The_Cure_(Fringe),Bill_Eagles
Getting_Even_(1986_film),Dwight_H._Little
A_Patch_of_Fog,Michael_Lennox
HeartCatch_PreCure!,Rie_Matsumoto
A_Son_Is_Born,Eric_Porter_(filmmaker)
Rumpelstiltskin_(1955_film),Herbert_B._Fredersdorf
The_Madwoman_of_Chaillot_(film),Bryan_Forbes
Love_and_Curses,Cal_Dalton
Princess_Olala,Robert_Land
The_Joker_King,Enrico_Guazzoni
The_Idiot_(1946_film),Georges_Lampin
Gunga_Jumna,Nitin_Bose
Go_Go_Tales,Abel_Ferrara
Versailles_(TV_series),Jalil_Lespert
Laaj_(TV_series),Fahim_Burney
Where_Do_We_Go_from_Here%3F_(2015_film),John_McPhail_(director)
Double_Barrel_(film),Lijo_Jose_Pellissery
Kallang_Roar_the_Movie,Cheng_Ding_An
Sous_le_même_toit,Dominique_Farrugia
All_or_Nothing_(film),Mike_Leigh
Certain_Chapters,Abbas_Akbar
Chantha,Sunil_(director)
Tennen_Shōjo_Man,Takashi_Miike
Duel_of_Champions,Ferdinando_Baldi
The_Hare_Census,Eduard_Zahariev
Tutto_il_mondo_ride,Ignazio_Ferronetti
Running_Mates_(Family_Guy),John_Holmquist
It's_Tomorrow_-_The_Film,Zanane_Rajsingh
Dick_Tracy_(serial),Alan_James
The_Band_Master_(1917_film),Arvid_E._Gillstrom
The_Gown_Shop,Larry_Semon
The_Uninvited_Guest_(1924_film),Ralph_Ince
The_Bronze_(film),Bryan_Buckley
Good_News_(TV_series),Ed._Weinberger
Five_Thousand_Dollars_on_One_Ace,Alfonso_Balcázar
Stolen_Assignment,Terence_Fisher
Count_Dracula_(1970_film),Jesús_Franco
My_Poor_Beloved_Mother,Homero_Manzi
Mahanagar@Kolkata,Suman_Mukhopadhyay
Dandakaranyam,R._Narayana_Murthy
Girl_Slaves_of_Morgana_Le_Fay,Bruno_Gantillon
Man_About_Town_(2006_film),Mike_Binder
Thirteen_at_Dinner_(film),Lou_Antonio
Abroad_with_Two_Yanks,John_E._Burch
Predator_(franchise),Stephen_Hopkins_(director)
Valiant_Is_the_Word_for_Carrie,Wesley_Ruggles
The_Vesuvians,Pappi_Corsicato
La_Vie_de_Jésus,Bruno_Dumont
Moonlighting_(film),Jerzy_Skolimowski
Dreams_of_Love_(1935_film),José_Bohr
The_King's_Cup,Alan_Cobham
Smoked_Hams,Dick_Lundy_(animator)
The_Mongols_(film),Leopoldo_Savona
Statistical_Probabilities,Anson_Williams
Empty_Socks,Ub_Iwerks
The_Vertical_Ray_of_the_Sun,Tran_Anh_Hung
Les_Bons_Vivants,Gilles_Grangier
Hit_and_Run_(NCIS),Dennis_Smith_(director)
Endless_Horizons,Jean_Dréville
Voyage_to_the_Prehistoric_Planet,Curtis_Harrington
De_kroon_der_schande,Maurits_Binger
I_Saw_the_Devil,Kim_Jee-woon
Mr._Theertha,Sadhu_Kokila
The_Red_Horses,Jon_Iversen
The_Marihuana_Story,León_Klimovsky
A_Change_Is_Gonna_Come_(Grey's_Anatomy),Michael_Grossman
The_Merry_Widow_(1918_film),Michael_Curtiz
A_Farewell_to_Arms_(1932_film),Frank_Borzage
Baby's_Day_Out,Patrick_Read_Johnson
Stagecoach_War,Lesley_Selander
Front_Page_(film),Philip_Chan
