Brian_Boru,Gormflaith_ingen_Murchada
"Philip_I,_Duke_of_Burgundy","Margaret_III,_Countess_of_Flanders"
"Elisabeth_of_Bavaria,_Queen_of_Germany",Conrad_IV_of_Germany
Stanley_Bruce,George_V
Emperor_Ai_of_Han,Emperor_Ping_of_Han
Jeanne_d'Albret,"William,_Duke_of_Jülich-Cleves-Berg"
Betty_McGlown,Diana_Ross
Bagrat_II_of_Iberia,Gurgen_of_Iberia
Elisabeth_Jerichau-Baumann,Louise_of_Hesse-Kassel
Maria_Antonia_Koháry_de_Csábrág,Prince_Ferdinand_of_Saxe-Coburg_and_Gotha
Laygyun_Mibaya,Shin_Myo_Myat
Kinh_Dương_Vương,Lạc_Long_Quân
Robert_Bergland,Jimmy_Carter
"John_II,_Duke_of_Saxe-Lauenburg","Albert_II,_Duke_of_Saxony"
Fumio_Gotō,Hirohito
Prince_Leopold_of_Bavaria,August_von_Mackensen
John_Sparrow_David_Thompson,"John_Hamilton-Gordon,_1st_Marquess_of_Aberdeen_and_Temair"
Hossein_Marashi,Akbar_Hashemi_Rafsanjani
Princess_Maria_di_Grazia_of_Bourbon-Two_Sicilies,Prince_Luís_of_Orléans-Braganza_(1878–1920)
Mackenzie_Bowell,Queen_Victoria
Charles_Duncan_Griffith,Queen_Victoria
Erik_Erikson,Sigmund_Freud
Attalus_I,Eumenes_II
Keawemauhili,Ululani
"Francis_II,_Duke_of_Lorraine",Christina_of_Salm
Maria_Carolina_of_Austria,Maria_Amalia_of_Saxony
Norodom_Ranariddh,Norodom_Sihanouk
Henry_VII_of_England,Richard_III_of_England
Ang_Mey,Ang_Duong
Luís_I_of_Portugal,Maria_Pia_of_Savoy
Autumn_Phillips,Elizabeth_II
Marie_of_Hesse-Kassel,Caroline_Matilda_of_Great_Britain
Sajjad_Zaheer,Nadira_Babbar
Sancho_I_of_León,Teresa_Ansúrez
"Mary,_Queen_of_Hungary","Sigismund,_Holy_Roman_Emperor"
Henry_Joseph_O'Leary,Louis_James_O'Leary
"Eleanor_of_Aragon,_Queen_of_Castile",Beatrice_of_Portugal
John_II_of_Aragon_and_Navarre,Charles_III_of_Navarre
René-Édouard_Caron,Queen_Victoria
Kapaakea,James_Kaliokalani
Elisabeth_Therese_of_Lorraine,Polyxena_of_Hesse-Rotenburg
"Georg,_Duke_of_Saxe-Altenburg",Duchess_Marie_Louise_of_Mecklenburg-Schwerin
Philip_II_of_Macedon,Philip_III_of_Macedon
"James_Cecil,_1st_Marquess_of_Salisbury",George_IV_of_the_United_Kingdom
Anna_of_Saxe-Wittenberg,"Balthasar,_Landgrave_of_Thuringia"
Princess_Louise_of_Orléans,Princess_Maria_de_la_Esperanza_of_Bourbon-Two_Sicilies
Legacy_of_Pedro_II_of_Brazil,Princess_Leopoldina_of_Brazil
"Valdemar,_King_of_Sweden",Ingeborg_of_Sweden_(1263–1292)
Ivan_Kőszegi,Peter_I_Csák
Isabella_of_Ibelin_(died_1315),Alix_of_Ibelin
Caroline_of_Baden,Therese_of_Saxe-Hildburghausen
Ali,Hasan_ibn_Ali
"John_Henry,_Margrave_of_Moravia","Charles_IV,_Holy_Roman_Emperor"
Mesut_Yılmaz,Ali_Bozer
Karen_L._Henderson,Ronald_Reagan
Taejo_of_Joseon,Taejong_of_Joseon
"Albert_VII,_Archduke_of_Austria",Philip_II_of_Spain
Hoapili,Keōpūolani
Eyre_Hutson,George_V
Harry_Blackmun,Dwight_D._Eisenhower
Leopold_III_of_Belgium,Princess_Joséphine_Charlotte_of_Belgium
"Thomas_de_Mowbray,_1st_Duke_of_Norfolk","John_de_Mowbray,_2nd_Duke_of_Norfolk"
Charles_C._Gossett,Chase_A._Clark
"Robert_Willoughby,_6th_Baron_Willoughby_de_Eresby","Joan_Willoughby,_7th_Baroness_Willoughby_de_Eresby"
Rita_of_Armenia,Irene_of_Montferrat
Joseph_Bradley_Varnum,Henry_Clay
Hiram_Bingham_II,Hiram_Bingham_III
Abbas_I_of_Egypt,Sa'id_of_Egypt
Prince_Arthur_of_Connaught__Prince_Arthur_of_Connaught__1,George_V
Mohammed_V_of_Morocco,Lalla_Fatima_Zohra
Michael_Krešimir_II_of_Croatia,Miroslav_of_Croatia
D._Alan_Stevenson,David_Stevenson_(engineer)
Lokesh,Srujan_Lokesh
Francisco_de_Toledo,Philip_II_of_Spain
Lord_Charles_Somerset,George_III_of_the_United_Kingdom
"John_A._Burroughs,_Jr.",Ronald_Reagan
Sancho_I_of_León,Ordoño_III_of_León
"Edward_Wood,_1st_Earl_of_Halifax",George_VI
Haile_Selassie,Princess_Tsehai
G._E._Smith,David_Bowie
Empress_Lü_Zhi,Emperor_Hui_of_Han
Şemsettin_Günaltay,Adnan_Menderes
Robert_Sadington,"Henry,_3rd_Earl_of_Lancaster"
"Charles_Theodore,_Elector_of_Bavaria",Maximilian_I_Joseph_of_Bavaria
Mindon_Min,Pagan_Min
"Matthias,_Holy_Roman_Emperor","Ferdinand_II,_Holy_Roman_Emperor"
"Geoffrey_Plantagenet,_Count_of_Anjou",Henry_II_of_England
Girvan_Yuddha_Bikram_Shah,Rajendra_of_Nepal
"Edward_Smith-Stanley,_14th_Earl_of_Derby",Queen_Victoria
Elizabeth_Mortimer,"Henry_Percy,_2nd_Earl_of_Northumberland"
Samuel_Curtis_Johnson_Jr.,Herbert_Fisk_Johnson_III
Donald_Nixon,David_Eisenhower
Princess_Maria_Elisabeth_of_Bavaria,"Eleanora,_Princess_of_Ligne"
Baby_Jane_Hudson,Bette_Davis
Grand_Duchess_Anna_Petrovna_of_Russia,"Charles_Frederick,_Duke_of_Holstein-Gottorp"
Helen_of_Znojmo,Casimir_II_the_Just
A._R._Colquhoun,Queen_Victoria
"John_West,_1st_Earl_De_La_Warr",George_II_of_Great_Britain
Eleanor_of_Aquitaine,Henry_II_of_England
Alfonso_XI_of_Castile,Peter_of_Castile
Vic_Schoen,Bing_Crosby
Elisabeth_of_Lorraine,Renata_of_Lorraine
Mohammed_Ben_Aarafa,Mohammed_V_of_Morocco
Jacquetta_of_Luxembourg,Mary_Woodville
Charlotte_of_Bourbon,Countess_Elisabeth_of_Nassau
Stanisław_Lubomirski_(1704–1793),Józef_Aleksander_Lubomirski
Miriam_Marx,Arthur_Marx
Sneferu,Meritites_I
"Prince_Lorenz_of_Belgium,_Archduke_of_Austria-Este","Princess_Astrid_of_Belgium,_Archduchess_of_Austria-Este"
"Otto_I,_Count_of_Savoy",Bertha_of_Savoy
John_Seward_Johnson_I,John_Seward_Johnson_II
Elisabeth_Christine_of_Brunswick-Wolfenbüttel,Maria_Amalia_of_Saxony
Soleil_Moon_Frye,Sean_Frye
Crispin_Tickell,Elizabeth_II
Mike_Leavitt,George_W._Bush
Ibrahim_Lodi,Babur
"Isabella,_Princess_of_Asturias_(1851–1931)","Prince_Emanuele_Filiberto,_Duke_of_Aosta"
Duke_Huan_of_Qi,Duke_Zhao_of_Qi
"Robert_Gavron,_Baron_Gavron",Nicky_Gavron
Edward_I_of_England,Eleanor_of_Castile
Suleiman_the_Magnificent,Selim_II
Vijay_R._Singh,Elizabeth_II
Chen_Sanli,Chen_Shizeng
José_María_Cabral_Bermúdez,Manuel_Díez_Cabral
Gasim_Mirza,Kavus_Mirza
Myles_Frechette,Ronald_Reagan
Muhammad_Hassan_(Brunei),Abdul_Jalilul_Akbar
Leopold_II_of_Belgium,Marie_Henriette_of_Austria
Patrick_Stirling,Archibald_Sturrock
"Prince_George,_Duke_of_Kent",Prince_Michael_of_Kent
William_Annand,Queen_Victoria
Hedvig_Elisabeth_Charlotte_of_Holstein-Gottorp,Désirée_Clary
Jean-Claude_Rivest,Brian_Mulroney
Demetrius_the_Fair,Ptolemy_VIII_Physcon
Vasily_II_of_Moscow,Andrey_Bolshoy
"George_Spencer,_4th_Duke_of_Marlborough",George_III_of_the_United_Kingdom
Princess_Maria_Immaculata_of_Bourbon-Two_Sicilies_(1844–1899),Archduke_Karl_Salvator_of_Austria
"Frederick,_Prince_of_Wales",George_III_of_the_United_Kingdom
Elisabeth_of_Anhalt-Zerbst,"John_George,_Elector_of_Brandenburg"
Ratna_Pathak,Naseeruddin_Shah
Nitin_kumar_gupta,Hariharan_(singer)
"Brownlow_Cecil,_2nd_Marquess_of_Exeter","James_Hamilton,_1st_Duke_of_Abercorn"
Frederick_III_of_Denmark,Franz_Wilhelm_von_Wartenberg
Charlotte_of_Mecklenburg-Strelitz,"Prince_Adolphus,_Duke_of_Cambridge"
Sidney_Holland,Elizabeth_II
Tarabya_II_of_Sagaing,Nanda_Pakyan
Ahmad_Shah_of_Pahang,Tengku_Afzan
Mehmet_Müezzinoğlu,Recep_Tayyip_Erdoğan
Rupert_Murdoch,Elizabeth_Jagger
Archduke_Karl_Ludwig_of_Austria,Archduke_Franz_Ferdinand_of_Austria
"Leopold_II,_Grand_Duke_of_Tuscany",Princess_Maria_Antonia_of_the_Two_Sicilies
Kham_Tam_Sa,Lusai
Meryatum_II,Ramesses_III
Ludmila_(wife_of_Mieszko_I_Tanglefoot),Mieszko_I_Tanglefoot
"Blanche_of_Navarre,_Duchess_of_Brittany","Alix_of_Brittany,_Dame_de_Pontarcy"
Terence_Blanchard,Bill_Lee_(musician)
Maria_Theresa_of_Austria_(1816–1867),"Prince_Louis,_Count_of_Trani"
María_de_Molina,Sancho_IV_of_Castile
Pierre_Roose,Philip_IV_of_Spain
Cankili_I,Puviraja_Pandaram
"Robert_Gascoyne-Cecil,_3rd_Marquess_of_Salisbury",Edward_VII
Mack_Gordon,Nat_King_Cole
Peter_von_Biron,Dorothea_von_Medem
Soldier_with_the_Green_Whiskers,L._Frank_Baum
Consort_Wu,Emperor_Xuanzong_of_Tang
Miklós_Istvánffy,Imre_Czobor
Djedefhor,Sneferu
John_VII_Palaiologos,Keratsa_of_Bulgaria
Minnie_Marx,Sam_Marx
Welbore_Ellis_Doyle,George_III_of_the_United_Kingdom
Samuel_Laing_(science_writer),"William_Keppel,_7th_Earl_of_Albemarle"
"Louis,_Duke_of_Vendôme","Louis_Joseph,_Duke_of_Vendôme"
"Thomas_Howard,_1st_Earl_of_Berkshire",Francis_Popham_(1573–1644)
David_Theophilus_Stafford,Charlton_Lyons
Maxentius,Valerius_Romulus
Boun_Oum,Sisavang_Vong
Tashfin_ibn_Ali,Ibrahim_ibn_Tashfin
Geoffrey_Pole,Arthur_Pole_(1531–1570)
Colin_Powell,George_H._W._Bush
Louis_VII_of_France,Eleanor_of_Aquitaine
Margaret_Leijonhufvud,Gustav_I_of_Sweden
Boki_(Hawaiian_chief),Kuini_Liliha
George_II_of_Great_Britain,Princess_Amelia_of_Great_Britain
Michael_Chaney,Fred_Chaney
"Charles_Louis,_Hereditary_Prince_of_Baden",Frederica_of_Baden
Imru_Haile_Selassie,Haile_Selassie
"George_Hamilton-Gordon,_6th_Earl_of_Aberdeen","John_Hamilton-Gordon,_1st_Marquess_of_Aberdeen_and_Temair"
Fabrizio_Sotti,Whitney_Houston
Princess_Sibylla_of_Saxe-Coburg_and_Gotha,Princess_Birgitta_of_Sweden
Nicholas_II_of_Russia,Grand_Duchess_Anastasia_Nikolaevna_of_Russia
Erik_Nielsen,Brian_Mulroney
Ana_María_de_Huarte_y_Muñiz,Agustín_de_Iturbide
Sri_Suriyendra,Mongkut
Ebrahim_Hakimi,Mohammad_Reza_Pahlavi
Luchino_Visconti_(died_1349),Azzone_Visconti
Ida_Lupino,Collier_Young
Vasili_IV_of_Russia,Robert_Nisbet_Bain
Leonidas_I,Pleistarchus
Lord_Charles_Spencer,George_III_of_the_United_Kingdom
Princess_Luise_of_Anhalt-Bernburg,Prince_George_of_Prussia
Afonso_V_of_Portugal,John_II_of_Portugal
Archduke_Ferdinand_Karl_Viktor_of_Austria-Este,Archduchess_Elisabeth_Franziska_of_Austria
"George,_Duke_of_Bavaria","Albert_IV,_Duke_of_Bavaria"
Muncimir_of_Croatia,Branimir_of_Croatia
Infanta_Catherine_Michelle_of_Spain,"Victor_Amadeus_I,_Duke_of_Savoy"
Raúl_Araiza,Armando_Araiza
"Thomas_FitzAlan,_17th_Earl_of_Arundel","William_FitzAlan,_18th_Earl_of_Arundel"
Francisco_de_Tello_de_Guzmán,Philip_III_of_Spain
Edgar_Tekere,Robert_Mugabe
Margherita_of_Savoy,Victor_Emmanuel_III_of_Italy
Blanche_of_Anjou,Alfonso_IV_of_Aragon
Jonathan_Adelstein,George_W._Bush
Princess_Elisabeth_of_Thurn_and_Taxis,"Miguel,_Duke_of_Braganza"
Gertrude_of_Brunswick,"Henry,_Margrave_of_Frisia"
King_Xiaowen_of_Qin,King_Zhuangxiang_of_Qin
Princess_Alice_of_Parma_(1849–1935),Archduke_Peter_Ferdinand_of_Austria
Ella_Pamfilova,Vladimir_Putin
Princess_Franziska_of_Hohenlohe-Waldenburg-Schillingsfürst,Archduke_Maximilian_Eugen_of_Austria
"Philip_Herbert,_4th_Earl_of_Pembroke",James_Herbert_(died_1677)
"Karl_Frederick,_Prince_of_Anhalt-Bernburg","Victor_Frederick,_Prince_of_Anhalt-Bernburg"
Prince_Gabriel_of_Belgium,Prince_Emmanuel_of_Belgium
Joseph_Grew,Woodrow_Wilson
Rupert_Murdoch,Patrick_John_Murdoch
"John_Frederick_II,_Duke_of_Saxony",Countess_Palatine_Elisabeth_of_Simmern-Sponheim
Princess_Muna_al-Hussein,Abdullah_II_of_Jordan
Vasak_of_Syunik,Yazdegerd_II
Harold_Wilson,Elizabeth_II
Ferdinand_IV_of_Castile,Alfonso_XI_of_Castile
Sandalj_Hranić,Stjepan_Vukčić_Kosača
Caterina_Sforza,Girolamo_Riario
Henry_Jarvis_Raymond,Henry_R._Selden
Fleetwood_Edwards,Queen_Victoria
"Gisela,_Margravine_of_Meissen","Alexander,_Margrave_of_Meissen"
Titiek_Suharto,Prabowo_Subianto_Djojohadikusumo
"Magnus,_Duke_of_Holstein",Maria_Vladimirovna_of_Staritsa
Zhu_Youlang,Kangxi_Emperor
Sabina_of_Brandenburg-Ansbach,"John_George,_Elector_of_Brandenburg"
Alice_M._Batchelder,Ronald_Reagan
Edward_I_of_England,Eleanor_of_Castile
Maria_II_of_Portugal,"Infante_João,_Duke_of_Beja"
Marquis_Cheng_of_Jin,Marquis_Li_of_Jin
Claude_de_la_Sengle,Philip_II_of_Spain
Andrew_Archibald_Macdonald,Queen_Victoria
Adam,Cain_and_Abel
"Pierre_de_Rigaud,_Marquis_de_Vaudreuil-Cavagnial",Louis_XV_of_France
Emil_Richards,Frank_Sinatra
Mouzinho_da_Silveira,Maria_II_of_Portugal
Rogneda_of_Polotsk,Vladimir_the_Great
Maxwell_D._Taylor,Dwight_D._Eisenhower
Piet_de_Jong,Juliana_of_the_Netherlands
Gustav_IV_Adolf_of_Sweden,Frederica_of_Baden
"Frederick_I,_Holy_Roman_Emperor","Beatrice_I,_Countess_of_Burgundy"
Pierre_Dupong,"Charlotte,_Grand_Duchess_of_Luxembourg"
"Louis,_Prince_of_Condé_(1668–1710)","Louis_Henri,_Duke_of_Bourbon"
Menen_Asfaw,Prince_Makonnen
Meghan_O'Sullivan,George_W._Bush
"Bernard_II,_Duke_of_Saxe-Lauenburg",Sophie_of_Saxe-Lauenburg
Anna_of_Brandenburg,Frederick_I_of_Denmark
Milton_Allen,Elizabeth_II
Nassir_Abdulaziz_Al-Nasser,Hamad_bin_Khalifa_Al_Thani
John_Corvinus,Beatrice_de_Frangepan
Christopher_Geidt,Elizabeth_II
Dhruva_Dharavarsha,Govinda_III
Prince_Francis_Joseph_of_Battenberg,Princess_Anna_of_Montenegro
Princess_Mathilde_Sophie_of_Oettingen-Oettingen_and_Oettingen-Spielberg,Archduchess_Margarethe_Klementine_of_Austria
Morihiro_Hosokawa,Akihito
Randy_Crane,George_W._Bush
Isabel_of_Barcelos,"John,_Constable_of_Portugal"
"Henri,_Count_of_Brionne","Louis,_Prince_of_Lambesc"
"Maud_de_Badlesmere,_Countess_of_Oxford","Thomas_de_Vere,_8th_Earl_of_Oxford"
Hu_Weiyong,Xu_Da
Herménégilde_Chiasson,Elizabeth_II
Stephen_III_of_Hungary,Béla_III_of_Hungary
Kayima_of_Buganda,Nakibinge_of_Buganda
"Margaret_of_France,_Queen_of_England_and_Hungary",Eleanor_of_Aquitaine
Alexander_III_of_Russia,Maria_Feodorovna_(Dagmar_of_Denmark)
William_Lyon_Mackenzie_King,George_V
Herbert_Stanley,George_V
"Prince_Carl,_Duke_of_Västergötland",Princess_Ingeborg_of_Denmark
Otto_of_Bavaria,Ludwig_III_of_Bavaria
"Wilhelmine_of_Prussia,_Queen_of_the_Netherlands",Prince_Frederick_of_the_Netherlands
Maria_Anna_of_Bavaria_(1574–1616),"Ferdinand_II,_Holy_Roman_Emperor"
Ba_Saw_Phyu,Min_Dawlya
Margaret_Theresa_of_Spain,"Leopold_I,_Holy_Roman_Emperor"
"Constance,_Queen_of_Sicily","Beatrice_I,_Countess_of_Burgundy"
Akbar,Jahangir
Benjamin_Sheares,Lee_Kuan_Yew
Anthony_Mamo,Elizabeth_II
"Ferdinando_I_de'_Medici,_Grand_Duke_of_Tuscany",Claudia_de'_Medici
Fern_Britton,John_Leslie_(TV_presenter)
Mary_of_Modena,James_II_of_England
Stacy_Lattisaw,Whitney_Houston
William_II_of_Dampierre,"Margaret_II,_Countess_of_Flanders"
Robert_M._Kimmitt,George_W._Bush
Mary_Landrieu,John_Kerry
William_Annand,Queen_Victoria
Jeffrey_Nape,Elizabeth_II
Al-Mutawakkil_I,Al-Qa'im_(Cairo)
"Gustav,_Landgrave_of_Hesse-Homburg","Philip,_Landgrave_of_Hesse-Homburg"
"Louis_I,_Duke_of_Anjou","Marie_of_Blois,_Duchess_of_Anjou"
Tiye,Iset_(daughter_of_Amenhotep_III)
Peter_Phillips,"Prince_Philip,_Duke_of_Edinburgh"
"Stephen_I,_Count_of_Burgundy","Reginald_II,_Count_of_Burgundy"
Pierre_Werner,"Charlotte,_Grand_Duchess_of_Luxembourg"
Conrad_III_of_Germany,"Henry_V,_Holy_Roman_Emperor"
Sri_Vikrama_Rajasinha_of_Kandy,George_III_of_the_United_Kingdom
"Charles_Gravier,_comte_de_Vergennes",Louis_XV_of_France
"Harriet_Leveson-Gower,_Countess_Granville",Frederick_Leveson-Gower_(Bodmin)
Malcolm_Fraser,Gough_Whitlam
Baha_al-Din_Sam_I,Ala_al-Din_Husayn
Lucie_Arnaz,Fred_Ball
Malik-Shah_I,Gawhar_Khatun
List_of_Coronation_Street_characters_(1960),Antony_Booth
Queen_Munjeong,Queen_Janggyeong
"Charles_Abbot,_1st_Baron_Colchester",George_III_of_the_United_Kingdom
Swa_Saw_Ke,Thilawa_of_Yamethin
Mildred_Bailey,Bing_Crosby
Japheth,Magog_(Bible)
Ahmed_II,Mustafa_II
Gertrude_of_Brunswick,Richenza_of_Northeim
Robert_B._Van_Valkenburgh,Alexander_S._Diven
"George_Brooke,_9th_Baron_Cobham",Henry_Cobham_(diplomat)
Julie_Nixon_Eisenhower,David_Eisenhower
Archduchess_Margarete_Sophie_of_Austria,"Philipp_Albrecht,_Duke_of_Württemberg"
Maria_Miloslavskaya,Alexis_of_Russia
Astrid_Olofsdotter_of_Sweden,Emma_of_Normandy
Lambert_Simnel,Henry_VII_of_England
Paris_Hilton,Kyle_Richards
Alexander_Rutskoy,Vladimir_Putin
"Charles_II,_Duke_of_Parma","Charles_III,_Duke_of_Parma"
"Robert_I,_Duke_of_Parma",Prince_Sixtus_of_Bourbon-Parma
"Francis,_Duke_of_Teck",Princess_Mary_Adelaide_of_Cambridge
Princess_Maria_Carolina_of_Savoy,Anthony_of_Saxony
She_(Qi),Duke_Yì_of_Qi
Béla_IV_of_Hungary,Stephen_V_of_Hungary
Abu_Talib_ibn_Abd_al-Muttalib,Ja'far_ibn_Abi_Talib
"Albert_Spencer,_7th_Earl_Spencer","Diana,_Princess_of_Wales"
"Francisco_José_de_Ovando,_1st_Marquis_of_Brindisi",Philip_V_of_Spain
Elisabeth_Eleonore_of_Brunswick-Wolfenbüttel,"Bernhard_I,_Duke_of_Saxe-Meiningen"
Khosrow_the_Usurper,Shapur_IV
Sri_Wikrama_Wira,Sri_Rana_Wikrama
A._Vernon_Weaver,Jimmy_Carter
"Henry_Borwin_II,_Lord_of_Mecklenburg","John_I,_Lord_of_Mecklenburg"
Frank_Mankiewicz,Lee_Frischknecht
Abdul_Elah_bin_Abdulaziz_Al_Saud,Ibn_Saud
Louise_of_Hesse-Kassel,Frederick_VIII_of_Denmark
Omar_bin_Laden,Abdallah_bin_Laden
"Joan_of_Valois,_Countess_of_Hainaut",Philippa_of_Hainault
Han_Geng,Jackie_Chan
Baderon_of_Monmouth,John_of_Monmouth
"Prince_Alfonso,_Count_of_Caserta","Prince_Ferdinand_Pius,_Duke_of_Calabria"
Arthur_Llewelyn_Davies,Sylvia_Llewelyn_Davies
Emund_the_Old,Stenkil
Philip_V_of_France,"Margaret_I,_Countess_of_Burgundy"
"Donnchadh,_Earl_of_Carrick","Niall,_Earl_of_Carrick"
Majid_bin_Abdulaziz_Al_Saud,Ibn_Saud
Wolf_Frankenstein,Mary_Shelley
"William_IV,_Landgrave_of_Hesse-Kassel","Maurice,_Landgrave_of_Hesse-Kassel"
"Joseph_Johann_Adam,_Prince_of_Liechtenstein","Joseph_Wenzel_I,_Prince_of_Liechtenstein"
Emperor_Yingzong_of_Song,Emperor_Shenzong_of_Song
"Thomas_Grey,_1st_Marquess_of_Dorset",Eleanor_Grey
Adam_Mikołaj_Sieniawski,Elżbieta_Sieniawska
William_Mulock,"Vere_Ponsonby,_9th_Earl_of_Bessborough"
Donald_M._Dickinson,Grover_Cleveland
Norah_Al_Faiz,Abdullah_of_Saudi_Arabia
"Lawrence_Dundas,_2nd_Marquess_of_Zetland",George_V
Ronald_Reagan,George_H._W._Bush
Louis_Bonaparte,Hortense_de_Beauharnais
Prince_William_of_Schaumburg-Lippe,Princess_Bathildis_of_Schaumburg-Lippe
Henry_Benedict_Stuart,Flavio_Chigi_(1711–1771)
John_Parke_Custis,George_Washington_Parke_Custis
"Bernhard_III,_Duke_of_Saxe-Meiningen","Ernst,_Prince_of_Saxe-Meiningen"
"Robert_Duff_(politician,_born_1835)",Queen_Victoria
Bertha_of_Holland,Bertrade_de_Montfort
Barney_(dog),George_W._Bush
Lucius_Junius_Polk,Leonidas_Polk
John_Pym,"William_Russell,_1st_Duke_of_Bedford"
"John_Balfour,_1st_Baron_Kinross",Queen_Victoria
"Albert_II,_Count_of_Namur","Gothelo_I,_Duke_of_Lorraine"
"Sir_George_Clerk,_6th_Baronet","Thomas_Fremantle,_1st_Baron_Cottesloe"
Margaret_I_of_Denmark,Haakon_VI_of_Norway
Al-Mu'tadid_I,Al-Mutawakkil_I
King_Nan_of_Zhou,Qin_Shi_Huang
Ernst_G._Straus,Albert_Einstein
"Alfred_Milner,_1st_Viscount_Milner",George_V
"Jules,_Prince_of_Soubise",Marie_Louise_de_Rohan
Gertrude_of_Poland,Iziaslav_I_of_Kiev
"Louis,_Count_of_Évreux",Margaret_of_Artois
Cristóbal_Vaca_de_Castro,"Charles_V,_Holy_Roman_Emperor"
Jazmin_Grace_Grimaldi,Charlotte_Casiraghi
Mithridates_II_of_Commagene,Laodice_(wife_of_Mithridates_II_of_Commagene)
Princess_Margaret_of_Connaught,Gustaf_VI_Adolf_of_Sweden
Mongkut,Chulalongkorn
"Richard_of_York,_3rd_Duke_of_York","Anne_of_York,_Duchess_of_Exeter"
Marcia_Morales_Howard,George_W._Bush
"Adolf_Frederick,_King_of_Sweden",Gustav_III_of_Sweden
Sonthi_Boonyaratglin,Bhumibol_Adulyadej
Alexandra_Feodorovna_(Charlotte_of_Prussia),Nicholas_I_of_Russia
Ali_Ri'ayat_Syah_III,Iskandar_Muda
Celia_Walden,Piers_Morgan
Christiane_Eberhardine_of_Brandenburg-Bayreuth,Augustus_III_of_Poland
Queen_Silvia_of_Sweden,"Victoria,_Crown_Princess_of_Sweden"
Duke_Mu_of_Chen,Duke_Gong_of_Chen
Eleanor_of_Sicily,Sibila_of_Fortia
Catherine_of_Vendôme,"Louis,_Count_of_Vendôme"
Louise_of_Hesse-Kassel,Alexandra_of_Denmark
Maxentius,Valeria_Maximilla
"Frederick_William,_Elector_of_Brandenburg",Margravine_Elisabeth_Sophie_of_Brandenburg_(1674–1748)
"Manfred,_King_of_Sicily",Charles_I_of_Naples
"Cecily_Bonville,_7th_Baroness_Harington","Leonard_Grey,_1st_Viscount_Grane"
Ingeborg_of_Sweden_(1263–1292),"Gerhard_II,_Count_of_Holstein-Plön"
Filippa_Duci,Henry_II_of_France
Constantin_C._Arion,Constantin_Coandă
Alfred_Gilpin_Jones,Queen_Victoria
Vlad_VI_Înecatul,Vlad_Vintilă_de_la_Slatina
Princess_Marie_Anne_of_Saxe-Altenburg,Prince_Friedrich_Christian_of_Schaumburg-Lippe
Viridis_Visconti,"Leopold_IV,_Duke_of_Austria"
Marie_of_Brandenburg-Kulmbach,"Frederick_III,_Elector_Palatine"
Elizabeth_Woodville,Edward_IV_of_England
"Louis_Henri,_Duke_of_Bourbon","Philippe_II,_Duke_of_Orléans"
Prince_Ernest_Augustus_of_Hanover_(1914–1987),"Alexandra,_Princess_of_Leiningen"
Edna_Moyle,Elizabeth_II
Gummo_Marx,Harpo_Marx
Jabal_(Bible),Jubal_(Bible)
Shigeru_Yoshida,Hirohito
Maria_Sophie_of_Bavaria,Princess_Cristina_of_Bourbon-Two_Sicilies
Benjamin_Harrison,Grover_Cleveland
Bermudo_II_of_León,Alfonso_V_of_León
Bohemond_IV_of_Antioch,Melisende_of_Lusignan
"Augustus_Keppel,_1st_Viscount_Keppel","George_Spencer,_2nd_Earl_Spencer"
"Alfonso_I_d'Este,_Duke_of_Ferrara",Lucrezia_Borgia
Isetnofret_II,Seti_II
Stephen_III_of_Hungary,Agnes_of_Austria_(1154–1182)
"Adolf,_Duke_of_Guelders",Mary_of_Burgundy
"Louis_Ferdinand,_Prince_of_Prussia",Grand_Duchess_Kira_Kirillovna_of_Russia
Iwikauikaua,Keakealaniwahine
Princess_Maria_de_los_Dolores_of_Bourbon-Two_Sicilies,Adam_Karol_Czartoryski
Betty_E._King,Bill_Clinton
"Fumihito,_Prince_Akishino","Kiko,_Princess_Akishino"
Dési_von_Halban,Jacques_Goudstikker
Huitzilihuitl,Chimalpopoca
"Sir_William_Goring,_1st_Baronet",Alexander_Temple
Bahlul_of_Shirvan,Tahmuras_of_Shirvan
Abdur_Rab_Nishtar,George_VI
Kshetra_Singh,Lakha_Singh
Eric_Bloodaxe,Amlaíb_Cuarán
"Francis_Hastings,_10th_Earl_of_Huntingdon","Granville_Leveson-Gower,_1st_Marquess_of_Stafford"
Henry_IV_of_Castile,Isabella_I_of_Castile
"Elizabeth_Rawdon,_Countess_of_Moira","Francis_Rawdon-Hastings,_1st_Marquess_of_Hastings"
Margaret_Leighton,Laurence_Harvey
Dj_Iroc,The_Notorious_B.I.G.
Nicholas_Lloyd,Eve_Pollard
K-Ci_(singer),Will_Smith
Marie_of_Saxe-Altenburg,Frederica_of_Mecklenburg-Strelitz
Leopold_Hasner_von_Artha,Franz_Joseph_I_of_Austria
"Victor_I,_Prince_of_Anhalt-Bernburg-Schaumburg-Hoym",Prince_Franz_Adolph_of_Anhalt-Bernburg-Schaumburg-Hoym
Lamar_Alexander,George_H._W._Bush
Duke_William_of_Mecklenburg-Schwerin,"Frederick_Francis_III,_Grand_Duke_of_Mecklenburg-Schwerin"
Dmitry_Medvedev,Vladimir_Putin
"Alfred,_Duke_of_Saxe-Coburg_and_Gotha",Marie_of_Romania
Christian_VII_of_Denmark,Frederick_VI_of_Denmark
"Frederick_August_I,_Duke_of_Oldenburg",Paul_I_of_Russia
"Isabella_of_Aragon,_Queen_of_France",Margaret_of_Provence
Loni_Love,Joan_Rivers
Richard_Armitage_(politician),George_H._W._Bush
Asha_Bhosle,Usha_Mangeshkar
Elizabeth_of_Aragon,Afonso_IV_of_Portugal
Ibrahim_Mohammad_Jahfar,Hassanal_Bolkiah
St._George_Tucker,James_Madison
Gurgen_of_Iberia,Bagrat_III_of_Georgia
Sorghaghtani_Beki,Tolui
Anthony_Eden,Winston_Churchill
Charles_the_Younger,Louis_the_German
Bisset_Berry,Queen_Victoria
"Frederick_II,_Elector_of_Saxony","Ernest,_Elector_of_Saxony"
Alain_Le_Roy,Nicolas_Sarkozy
Roger_Johnson_(California),Bill_Clinton
Niels_Neergaard,Frederick_VIII_of_Denmark
Joseph_Fiennes,Sophie_Fiennes
Anne_de_Mortimer,"Isabel_of_Cambridge,_Countess_of_Essex"
Ala_al-Din_Husayn,Baha_al-Din_Sam_I
Lowell_Murray,Joe_Clark
William_McMahon,Elizabeth_II
Luarsab_I_of_Kartli,George_IX_of_Kartli
Rama_II_of_Siam,Maha_Sura_Singhanat
Lucy_and_Ricky_Ricardo,Lucille_Ball
James_Mitchell_(Canadian_politician),Queen_Victoria
Princess_Cecilia_of_Sweden,Maria_van_Eicken
Charles_W._Hoitt,Theodore_Roosevelt
Ibrahim_Hashem,Hussein_of_Jordan
Caroline_of_Baden,Therese_of_Saxe-Hildburghausen
Bohemond_IV_of_Antioch,Bohemond_V_of_Antioch
Princess_Luisa_Carlotta_of_Naples_and_Sicily,Infanta_Amelia_Philippina_of_Spain
"Friedrich,_Prince_of_Waldeck_and_Pyrmont","Josias,_Hereditary_Prince_of_Waldeck_and_Pyrmont"
Mercer_Cook,John_F._Kennedy
"Edward_Somerset,_4th_Earl_of_Worcester","Henry_Herbert,_2nd_Earl_of_Pembroke"
Charles_Martel,Grifo
E._Bronson_Ingram_II,David_B._Ingram
Mike_Stock_(musician),Donna_Summer
Fuad_I_of_Egypt,Nazli_Sabri
Whoopi_Goldberg,Bill_Cosby
John_C._Stennis,Strom_Thurmond
Geoffrey_Palmer_(politician),Elizabeth_II
Otto_von_Habsburg,Andrea_von_Habsburg
Muhammad_I_of_Khwarazm,Atsiz
Huy_(High_Priest_of_Ptah),Ramesses_II
Maxentius,Constantius_Chlorus
Countess_Donata_of_Castell-Rüdenhausen,Prince_Louis_Ferdinand_of_Prussia_(1944–1977)
Ank_Bijleveld,Willem-Alexander_of_the_Netherlands
Rudolf_I_of_Germany,Albert_I_of_Germany
"Charles_Edward,_Duke_of_Saxe-Coburg_and_Gotha",Princess_Caroline_Mathilde_of_Saxe-Coburg_and_Gotha
Béla_I_of_Hungary,Euphemia_of_Hungary
Archduchess_Maria_Anna_of_Austria_(1882–1940),"Elias,_Duke_of_Parma"
Riagan_mac_Dúnlainge,Cerball_mac_Dúnlainge
Antiochus_IX_Cyzicenus,Antiochus_X_Eusebes
"Henry_III,_Margrave_of_Meissen","Louis_IV,_Landgrave_of_Thuringia"
Alejandro_Dolina,Oscar_Wilde
Countess_Palatine_Caroline_of_Zweibrücken,"Louis_I,_Grand_Duke_of_Hesse"
Charles_I_of_Naples,Peter_III_of_Aragon
Jake_Paltrow,Taryn_Simon
James_Albert_Manning_Aikins,George_V
Mark_Fraser_(secretary),Elizabeth_II
Louis_XIV_of_France,"Louis_Alexandre,_Count_of_Toulouse"
Amadeo_I_of_Spain,"Prince_Emanuele_Filiberto,_Duke_of_Aosta"
Edward_J._Perkins,Bill_Clinton
Julian_(emperor),Helena_(wife_of_Julian)
Joseph_Dietzgen,Karl_Marx
Duke_Jing_of_Jin_(Jujiu),Duke_Jing_of_Jin_(Ju)
Michael_of_Hungary,Ladislas_the_Bald
Shin_Shwe_of_Pagan,Mi_Saw_U
María_Isabella_of_Spain,"Prince_Francis,_Count_of_Trapani"
Humayun,Akbar
Mark_Shand,Edith_Marguerite_Harrington
Luarsab_I_of_Kartli,Tamar_of_Imereti
Jono_El_Grande,Frank_Zappa
"Yuriko,_Princess_Mikasa",Prince_Tomohito_of_Mikasa
Krystyna_Lubomirska_(d._1669),Feliks_Kazimierz_Potocki
"John_Grey,_1st_Earl_of_Tankerville","Henry_Grey,_2nd_Earl_of_Tankerville"
Mamai,Nogai_Khan
Ælfgifu_of_Northampton,Cnut_the_Great
Vladimir_II_Yaroslavich,Andrew_II_of_Hungary
John_I_Ernuszt,John_II_Ernuszt
"Louis_William,_Margrave_of_Baden-Baden",Duchess_Sibylle_of_Saxe-Lauenburg
"Wenzel_Anton,_Prince_of_Kaunitz-Rietberg",Maria_Theresa
Grand_Duchess_Kira_Kirillovna_of_Russia,Prince_Christian-Sigismund_of_Prussia
Elizabeth_Darrell_(courtier),Thomas_Wyatt_(poet)
D._Lowell_Jensen,Ronald_Reagan
Menelik_II,Taytu_Betul
Empress_Xiaojingcheng,Daoguang_Emperor
"Roger_Mortimer,_1st_Earl_of_March","Agnes_Mortimer,_Countess_of_Pembroke"
Alejandro_O'Reilly,Charles_III_of_Spain
"Maria_of_Austria,_Holy_Roman_Empress",Anna_of_Tyrol
"Adolphe,_Grand_Duke_of_Luxembourg","William,_Duke_of_Nassau"
Jiaqing_Emperor,Daoguang_Emperor
"William_II,_Prince_of_Orange","Mary,_Princess_Royal_and_Princess_of_Orange"
"Margaret_Cambridge,_Marchioness_of_Cambridge",Lord_Frederick_Cambridge
Bona_Sforza,Sigismund_I_the_Old
Sophie_Thompson,Richard_Lumsden
Syamsul_Alam,Alauddin_Ahmad_Syah
Charat_Singh,Maha_Singh
Caligula,Tiberius
Mahinthrathirat,Mahathammarachathirat_(king_of_Ayutthaya)
Švitrigaila,Sigismund_Kęstutaitis
Sarah_Jane_Brown,Elizabeth_II
Chaophraya_Si_Suriyawong,Chulalongkorn
"Frederick,_Prince_of_Wales",Caroline_Matilda_of_Great_Britain
"Louis,_Prince_Napoléon",Prince_Jérôme_Napoléon
Lord_William_Campbell,George_III_of_the_United_Kingdom
Ladislaus_III_of_Hungary,Andrew_II_of_Hungary
Yaroslav_the_Wise,Olof_Skötkonung
Maria_Vittoria_dal_Pozzo,"Prince_Emanuele_Filiberto,_Duke_of_Aosta"
Shwe_Zin_Gon,Bayin_Htwe
Ichise_Chanyu,Uwei_Chanyu
Charles_de_Broqueville,Albert_I_of_Belgium
Zara_Phillips,Elizabeth_II
"Rupprecht,_Crown_Prince_of_Bavaria","Albrecht,_Duke_of_Bavaria"
"Elizabeth_Lyon,_Countess_of_Strathmore","James_Lyon,_7th_Earl_of_Strathmore_and_Kinghorne"
"William_IV,_Grand_Duke_of_Luxembourg",Princess_Antonia_of_Luxembourg
Prince_Paul_of_Württemberg,Princess_Charlotte_of_Saxe-Hildburghausen
James_Brown_Clay,Henry_Clay
Robert_William_Douglas_Willoughby,George_V
"William_Louis,_Prince_of_Anhalt-Harzgerode","Frederick,_Prince_of_Anhalt-Harzgerode"
Klementyna_Czartoryska,Eustachy_Erazm_Sanguszko
"William_Cavendish,_4th_Duke_of_Devonshire","Charlotte_Cavendish,_Marchioness_of_Hartington"
"Philip_III,_Count_of_Waldeck","John_I,_Count_of_Waldeck"
Frederica_of_Mecklenburg-Strelitz,Adelaide_of_Saxe-Meiningen
"José_de_Armendáriz,_1st_Marquis_of_Castelfuerte",Philip_V_of_Spain
Neferirkare_Kakai,Khentkaus_II
"Louis_J._Nigro,_Jr.",George_W._Bush
Harriet_Miers,George_W._Bush
Paul_of_Greece,Constantine_II_of_Greece
Shamshi-Adad_I,Ishme-Dagan_I
Eowa_of_Mercia,Penda_of_Mercia
Smita_Patil,Raj_Babbar
"Otto_IV,_Duke_of_Brunswick-Lüneburg","Frederick_II,_Duke_of_Brunswick-Lüneburg"
Robert_Burns,Samuel_Taylor_Coleridge
Fruela_II_of_Asturias,Alfonso_IV_of_León
Frederick_Augustus_III_of_Saxony,"Friedrich_Christian,_Margrave_of_Meissen"
Robert_D._Ziff,Dirk_Edward_Ziff
Princess_Marina_of_Greece_and_Denmark,Prince_Michael_of_Kent
Krishnaraja_Wadiyar_II,Nanjaraja_Wodeyar
Jayaatu_Khan_Tugh_Temür,Khutughtu_Khan_Kusala
Tetyana_Kardynalovska,Vsevolod_Holubovych
Cecile_of_France,"Tancred,_Prince_of_Galilee"
"Sir_John_Robinson,_1st_Baronet,_of_Toronto",Queen_Victoria
Iseult_Gonne,Francis_Stuart
James_Rannie_Swinton,Francis_Holl
Himani_Shah,"Paras,_Crown_Prince_of_Nepal"
J._Peter_Robinson,Phil_Collins
Augusta_of_Saxe-Weimar-Eisenach,Princess_Louise_of_Prussia
William_Rogers_Coe,Michael_D._Coe
"George_Talbot,_4th_Earl_of_Shrewsbury","Charles_Brandon,_1st_Duke_of_Suffolk"
"Lyon_Playfair,_1st_Baron_Playfair",Queen_Victoria
Cheri_Dennis,Sean_Combs
Stephen_Kemble,Elizabeth_Satchell
Al-Nasir,Az-Zahir_(Abbasid_caliph)
Emperor_Go-Momozono,Emperor_Kōkaku
Talal_of_Jordan,Zein_al-Sharaf_Talal
Albrecht_Behmel,Groucho_Marx
Henry_II_of_England,Richard_I_of_England
Duchess_Marie_Elisabeth_of_Saxony,Augusta_Marie_of_Holstein-Gottorp
Gopichand_Hinduja,Dheeraj_Hinduja
María_Manuela_Kirkpatrick,Eugénie_de_Montijo
Elisa_Bonaparte,Elisa_Napoléone_Baciocchi
Walter_C._Teagle,William_Stamps_Farish_II
Napoleon,"Charles_V,_Holy_Roman_Emperor"
"Hugh_le_Despencer,_1st_Baron_le_Despencer",Henry_III_of_England
"Catherine_of_Saxe-Lauenburg,_Duchess_of_Mecklenburg","Henry_IV,_Duke_of_Mecklenburg"
Edward_Harkness,Lamon_V._Harkness
William_the_Conqueror,Adela_of_Normandy
Demetrius_II_Aetolicus,Antigonus_III_Doson
Dan_Glickman,Bill_Clinton
Maria_Shriver,Arnold_Schwarzenegger
Ludwig_I_of_Bavaria,Princess_Hildegard_of_Bavaria
Daniel_Richard_Crissinger,Warren_G._Harding
"Maria_Christina,_Duchess_of_Teschen","Joseph_II,_Holy_Roman_Emperor"
"Richeza_of_Sweden,_Duchess_of_Poland",Elizabeth_Richeza_of_Poland
Warren_Hastings,George_III_of_the_United_Kingdom
Elisabeth_Omilami,Afemo_Omilami
Chulalongkorn,Savang_Vadhana
Jacob_Kettler,Friedrich_Kettler
Philip_V_of_France,"Joan_II,_Countess_of_Burgundy"
Haifa_bint_Faisal,Khalid_bin_Bandar_bin_Sultan_Al_Saud
Matilda_of_Habsburg,"Louis_II,_Duke_of_Bavaria"
"Louis_Antoine,_Duke_of_Enghien",Charlotte_Louise_de_Rohan
Egbert_Benson,Alexander_Hamilton
Peter_I_of_Serbia,Alexander_I_of_Yugoslavia
Piero_the_Unfortunate,Clarice_de'_Medici
"Thomas,_Count_of_Savoy",Beatrice_of_Savoy
Satya_Saha,Khan_Ataur_Rahman
Edward_Blake,Queen_Victoria
Nayef_bin_Abdul-Aziz_Al_Saud,Fahd_of_Saudi_Arabia
Sally_Hemings,Eston_Hemings
Joanne_Woodward,Paul_Newman
Sophia_of_Minsk,Valdemar_II_of_Denmark
"Leopold_II,_Prince_of_Anhalt-Dessau",Gisela_Agnes_of_Anhalt-Köthen
Inge_the_Elder,Helena_(wife_of_Inge_the_Elder)
R._Kenton_Musgrave,Ronald_Reagan
"Charles_II_August,_Duke_of_Zweibrücken",Maximilian_I_Joseph_of_Bavaria
William_Johnson_(judge),Thomas_Jefferson
Ralph_K._Winter_Jr.,Ronald_Reagan
Iajuddin_Ahmed,Khaleda_Zia
"Beatrice_of_Bourbon,_Queen_of_Bohemia",John_of_Bohemia
Maad_a_Sinig_Kumba_Ndoffene_Famak_Joof,Maad_a_Sinig_Ama_Joof_Gnilane_Faye_Joof
Alphonse_James_de_Rothschild,Béatrice_Ephrussi_de_Rothschild
Jacob_K._Javits,Robert_F._Kennedy
"Ernest_I,_Duke_of_Saxe-Gotha","Frederick_I,_Duke_of_Saxe-Gotha-Altenburg"
Patrick_Mayhew,"Michael_Havers,_Baron_Havers"
Nazrin_Shah_of_Perak,Sultan_of_Perak
Richard_Hambro,Rupert_Hambro
Margrethe_II_of_Denmark,Frederick_IX_of_Denmark
Francis_Phoebus_of_Navarre,Catherine_of_Navarre
"Luther_Halsey_Gulick,_Sr.",Sidney_Gulick
Isabelle_de_Meulan,Amaury_I_de_Craon
Burgravine_Louise_Isabelle_of_Kirchberg,"Frederick_William,_Prince_of_Nassau-Weilburg"
"Thomas_Grey,_1st_Marquess_of_Dorset",Eleanor_Grey
Ralph_Shuttleworth_Allen,"Sir_Richard_Paget,_1st_Baronet"
Khaemwaset_(20th_dynasty),Ramesses_III
Nawwaf_bin_Abdulaziz_Al_Saud,Abdullah_of_Saudi_Arabia
Elwood_Richard_Quesada,Najeeb_Halaby
Puyi,Guangxu_Emperor
"John_Spencer,_5th_Earl_Spencer","James_Hamilton,_1st_Duke_of_Abercorn"
Emma_Smith,Joseph_Smith
Valdemar_II_of_Denmark,Eric_IV_of_Denmark
Anne_Hutchinson,George_H._W._Bush
John_Baker_(Australian_politician),Queen_Victoria
Norman_Albert_Mott,Theodore_Roosevelt
António_de_Sousa_Coutinho,John_IV_of_Portugal
Amélie_of_Orléans,Manuel_II_of_Portugal
William_D._Gordon,William_McKinley
"Elizabeth_of_Carinthia,_Queen_of_Germany","Otto,_Duke_of_Austria"
Charles_I_of_Naples,Charles_II_of_Naples
"Charles_Gonzaga,_Duke_of_Mantua_and_Montferrat","Charles_II,_Duke_of_Mantua_and_Montferrat"
Arabella_Churchill_(royal_mistress),James_II_of_England
Brittany_Hodges,William_J._Bell
James_Kinley,Elizabeth_II
Mary_Pickford,Jack_Pickford
James_V_of_Scotland,"Mary,_Queen_of_Scots"
William_Fremantle_(politician),William_IV_of_the_United_Kingdom
Abdul_Jalil_of_Perak,Sultan_of_Perak
Elizabeth_Wyckes,Henry_VIII_of_England
Mary_Boleyn,Catherine_Carey
Princess_Beatrice_of_the_United_Kingdom,Victoria_Eugenie_of_Battenberg
"William_Vesey-FitzGerald,_2nd_Baron_FitzGerald_and_Vesey",George_IV_of_the_United_Kingdom
Louis_the_Pious,Charles_the_Bald
Duke_Philipp_of_Württemberg,"Albrecht,_Duke_of_Württemberg"
Cyrus_the_Great,Achaemenes
"John_Spencer,_8th_Earl_Spencer","Charles_Spencer,_9th_Earl_Spencer"
William_Sulzer,William_Randolph_Hearst
Guillaume_de_Steenhuys,Philip_IV_of_Spain
"Elizabeth_Rawdon,_Countess_of_Moira","John_Rawdon,_1st_Earl_of_Moira"
Antoinette_Polk,William_Polk_(colonel)
David_Smith_(public_servant),Elizabeth_II
"Frederick_Ulrich,_Duke_of_Brunswick-Lüneburg","George,_Duke_of_Brunswick-Lüneburg"
Rocky_Balboa,Sylvester_Stallone
Hamad_bin_Jassim_bin_Jaber_Al_Thani,Hamad_bin_Khalifa_Al_Thani
"Robert_Dundas_of_Arniston,_the_younger",George_III_of_the_United_Kingdom
"Henry_IV,_Holy_Roman_Emperor",Agnes_of_Germany
Rudolf_I_of_Germany,"Meinhard,_Duke_of_Carinthia"
Mansour_bin_Abdulaziz_Al_Saud,Ibn_Saud
Catherine_Callbeck,Elizabeth_II
Francisque_de_Corcelle,Pierre_de_Chambrun
Maggie_Gyllenhaal,Peter_Sarsgaard
Kamehameha_II,Kamehameha_III
Mansour_bin_Muqrin,Ibn_Saud
"Theobald_III,_Count_of_Champagne","Henry_II,_Count_of_Champagne"
Abdessalam_Jalloud,Muammar_Gaddafi
"Willoughby_Williams,_Jr.",James_Glasgow
Maurice_(emperor),Tiberius_II_Constantine
Sanda_Dewi,Salin_Mibaya
Netsai_Mukomberanwa,Anderson_Mukomberanwa
Edmund_I,Eadwig
Tiberius,Germanicus
Pierre_Le_Ber,Charles_le_Moyne_de_Longueuil_et_de_Châteauguay
Edward_VII,George_V
Alexios_V_Doukas,Michael_I_Komnenos_Doukas
Reza_Shah,Mohammad_Reza_Pahlavi
Francisco_Javier_Venegas,Ferdinand_VII_of_Spain
"Leopold_II,_Holy_Roman_Emperor","Francis_II,_Holy_Roman_Emperor"
Huitzilihuitl,Moctezuma_I
Mohammed_Zahir_Shah,"Ahmad_Shah_Khan,_Crown_Prince_of_Afghanistan"
Frederick_I_of_Württemberg,William_I_of_Württemberg
Rama_II_of_Siam,Kunthon_Thipphayawadi
Ian_McLagan,Rod_Stewart
Louis_I_of_Naples,Joanna_I_of_Naples
"Charles_Alexander,_Grand_Duke_of_Saxe-Weimar-Eisenach",Princess_Marie_Alexandrine_of_Saxe-Weimar-Eisenach
Joaquim_António_de_Aguiar,Maria_II_of_Portugal
Wu_Zetian,Emperor_Zhongzong_of_Tang
William_Collins_Whitney,James_Scollay_Whitney
"John_Frederick_II,_Duke_of_Saxony",Agnes_of_Hesse
Beatrice_of_Nuremberg,"Albert_IV,_Duke_of_Austria"
"Anna_of_Austria,_Queen_of_Spain",Philip_III_of_Spain
Khalid_bin_Mohammad_Al_Attiyah,Hamad_bin_Khalifa_Al_Thani
"John_Copley,_1st_Baron_Lyndhurst",William_IV_of_the_United_Kingdom
Franz_Joseph_I_of_Austria,Archduchess_Marie_Valerie_of_Austria
Charles_II_of_Naples,"Margaret,_Countess_of_Anjou"
"Otto_I,_Duke_of_Brunswick-Lüneburg","Matilda_of_Brandenburg,_Duchess_of_Brunswick-Lüneburg"
Gideon_Granger,Thomas_Jefferson
Sweyn_Forkbeard,Świętosława
John_Hunyadi,Matthias_Corvinus
Princess_Helena_of_Waldeck_and_Pyrmont,"Prince_Leopold,_Duke_of_Albany"
"Georg_I,_Duke_of_Saxe-Meiningen",Adelaide_of_Saxe-Meiningen
Maria_Feodorovna_(Dagmar_of_Denmark),Grand_Duke_George_Alexandrovich_of_Russia
"Philip_Howard,_20th_Earl_of_Arundel","Thomas_Howard,_21st_Earl_of_Arundel"
Ennica_Mukomberanwa,Nesbert_Mukomberanwa
Liu_Shan,Zhuge_Liang
"Al-Mansur_Muhammad,_Sultan_of_Egypt",Al-Ashraf_Sha'ban
Philip_V_of_Spain,"Philip,_Duke_of_Parma"
"Leopold_I,_Holy_Roman_Emperor","Charles_VI,_Holy_Roman_Emperor"
Darius_II,Amyrtaeus
Cornelius_Vanderbilt_II,Cornelius_Vanderbilt_III
Helen_Hunley,Elizabeth_II
"Otto_II,_Holy_Roman_Emperor",Theophanu
Gerald_Ford,Betty_Ford
"Prince_William_Henry,_Duke_of_Gloucester_and_Edinburgh","Maria,_Duchess_of_Gloucester_and_Edinburgh"
Maelgwn_ab_Owain_Gwynedd,Owain_Gwynedd
Joseph_R._Underwood,Henry_Clay
"John_Proby,_1st_Earl_of_Carysfort",George_III_of_the_United_Kingdom
Empress_Zhang_Yan,Empress_Lü_Zhi
Duke_Yì_of_Qi,Duke_Hui_of_Qi
"Reginar,_Duke_of_Lorraine","Reginar_II,_Count_of_Hainaut"
Sidney_L._Jones,Gerald_Ford
"Agnes_of_Aquitaine,_Countess_of_Savoy",Joan_of_Geneva
Zaynab_bint_Jahsh,Ubayd-Allah_ibn_Jahsh
Valentinian_III,Licinia_Eudoxia
Myra_Freeman,Elizabeth_II
Sam_Rayburn,Dwight_D._Eisenhower
"Adolf,_Duke_of_Holstein-Gottorp",Christian_III_of_Denmark
Melinda_Marx,Arthur_Marx
"Eleanor_of_Trastámara,_Queen_of_Navarre",Blanche_I_of_Navarre
Princess_Punzalan,Willie_Revillame
Heonjong_of_Joseon,Sunjo_of_Joseon
"Vladivoj,_Duke_of_Bohemia",Bolesław_I_the_Brave
Savang_Vadhana,Chulalongkorn
John_II_of_Cyprus,James_II_of_Cyprus
"Violet_Manners,_Duchess_of_Rutland","Henry_Manners,_8th_Duke_of_Rutland"
François_Léotard,Valéry_Giscard_d'Estaing
"Hugh_Grosvenor,_1st_Duke_of_Westminster",Queen_Victoria
Duke_Huai_of_Qin,Duke_Jian_of_Qin
Trevor_Eyton,Brian_Mulroney
