Mahmud_I,Saliha_Sultan
Botten_Soot,Eyolf_Soot
Majid_bin_Mohammed_bin_Rashid_Al_Maktoum,Mohammed_bin_Rashid_Al_Maktoum
Lindsay_Lohan,Dina_Lohan
King_Ling_of_Zhou,King_Jian_of_Zhou
Prince_Christian_of_Hesse-Darmstadt,Countess_Palatine_Caroline_of_Zweibrücken
Mayeum_Choying_Wangmo_Dorji,Thutob_Namgyal
Eurotas,Myles
Archil_of_Imereti,Vakhtang_V_of_Kartli
Dmitry_of_Uglich,Maria_Nagaya
"Edward_Plantagenet,_17th_Earl_of_Warwick","Isabel_Neville,_Duchess_of_Clarence"
Amir_Banoo_Karimi,Seyed_Karim_Amiri_Firuzkuhi
"John_II,_Lord_of_Egmond","Arnold_I,_Lord_of_Egmond"
Grand_Duke_Sergei_Alexandrovich_of_Russia,Alexander_II_of_Russia
Phil_Preis,Edwin_G._Preis
Nicholas_Whitlam,Margaret_Whitlam
"Philippa_de_Coucy,_Countess_of_Oxford","Enguerrand_VII,_Lord_of_Coucy"
Abigail_Thaw,John_Thaw
Alyona_Minkovski,Irina_Rodnina
"Arnold_III,_Count_of_Bentheim-Steinfurt-Tecklenburg-Limburg","Eberwin_III,_Count_of_Bentheim-Steinfurt"
Christopher_Buckley_(novelist),William_F._Buckley_Jr.
Naresuan,Wisutkasat
Frederick_William_IV_of_Prussia,Louise_of_Mecklenburg-Strelitz
Joanna_of_Castile,Isabella_I_of_Castile
"Maria_Vladimirovna,_Grand_Duchess_of_Russia",Grand_Duke_Vladimir_Kirillovich_of_Russia
"Otto_V,_Duke_of_Bavaria","Margaret_II,_Countess_of_Hainaut"
Faisal_bin_Khalid_bin_Abdulaziz_Al_Saud,Sita_bint_Fahd_Al_Damir
Julia_the_Younger,Marcus_Vipsanius_Agrippa
"Lambert_II,_Count_of_Louvain",Gerberga_of_Lower_Lorraine
"William_Longsword,_Count_of_Rouen",Rollo
Neil_Bush,George_H._W._Bush
Archduchess_Clementina_of_Austria,"Francis_II,_Holy_Roman_Emperor"
William_FitzEmpress,"Geoffrey_Plantagenet,_Count_of_Anjou"
"Frederick_II,_Holy_Roman_Emperor","Constance,_Queen_of_Sicily"
"Duarte_Nuno,_Duke_of_Braganza",Princess_Maria_Theresa_of_Löwenstein-Wertheim-Rosenberg
Ögedei_Khan,Genghis_Khan
Mirza_Jawan_Bakht,Shah_Alam_II
Stephen_II_Csák,Mark_I_Csák
Charlotte_Bonaparte,Joseph_Bonaparte
Scott_Newman_(actor),Paul_Newman
"John_of_Islay,_Earl_of_Ross","Alexander_of_Islay,_Earl_of_Ross"
Osman_II,Mahfiruz_Hatice_Sultan
Muhammad_al-Mahdi,Narjis
Bruce_Nordstrom,Everett_Nordstrom
Countess_Palatine_Caroline_of_Zweibrücken,Caroline_of_Nassau-Saarbrücken
Khumarawayh_ibn_Ahmad_ibn_Tulun,Ahmad_ibn_Tulun
Bogusław_Leszczyński,Rafał_Leszczyński_(1579–1636)
Prince_Azmet_Jah,Princess_Esra
"Elizabeth_of_Hungary,_Duchess_of_Greater_Poland",Béla_II_of_Hungary
Prince_Joachim_of_Denmark,Margrethe_II_of_Denmark
Thomas_Chabrol,Stéphane_Audran
Joan_of_Kent,"Margaret_Wake,_3rd_Baroness_Wake_of_Liddell"
"Arnulf,_Count_of_Holland","Dirk_II,_Count_of_Holland"
Tlatolqaca,Acamapichtli
"Karl_Christoph,_Duke_of_Münsterberg","John,_Duke_of_Münsterberg-Oels"
Alexander_(Byzantine_emperor),Basil_I
Cottius,Donnus
"Simon_VII,_Count_of_Lippe","Simon_VI,_Count_of_Lippe"
Princess_Lalla_Khadija_of_Morocco,Mohammed_VI_of_Morocco
"Princess_Laetitia_Maria_of_Belgium,_Archduchess_of_Austria-Este","Prince_Lorenz_of_Belgium,_Archduke_of_Austria-Este"
Carly_Simon,Richard_L._Simon
Vasily_Livanov,Boris_Livanov
Henry_the_Navigator,Philippa_of_Lancaster
Spencer_Truman_Olin,Franklin_W._Olin
Sir_Henry_Stafford,"Humphrey_Stafford,_1st_Duke_of_Buckingham"
Ted_Field,Marshall_Field_IV
"Mary_of_Scotland,_Countess_of_Boulogne",Malcolm_III_of_Scotland
Princess_Lātūfuipeka_Tukuʻaho,Tupou_VI
Jan_Zamoyski_(1912–2002),Maurycy_Klemens_Zamoyski
Princess_Marie_of_Hesse_and_by_Rhine,Princess_Alice_of_the_United_Kingdom
Dragana_of_Serbia,Lazar_of_Serbia
Peleuli,Kamanawa
Anmchad_mac_Con_Cherca,Cú_Cherca_mac_Fáeláin
"Heinrich_XX,_Prince_Reuss_of_Greiz","Heinrich_XIII,_Prince_Reuss_of_Greiz"
"Geoffrey,_Count_of_Nantes","Geoffrey_Plantagenet,_Count_of_Anjou"
Maria_Caterina_Farnese,Margherita_Aldobrandini
Saint_Margaret_of_Scotland,"Agatha,_wife_of_Edward_the_Exile"
Willie_Hammerstein,Oscar_Hammerstein_I
Hashim_ibn_Abd_Manaf,Abd_Manaf_ibn_Qusai
Diana_Mitford,"David_Freeman-Mitford,_2nd_Baron_Redesdale"
Marie_Thérèse_of_France,Louis_XVI_of_France
"Eric_II,_Duke_of_Saxe-Lauenburg","Eric_I,_Duke_of_Saxe-Lauenburg"
Varsha_Bhosle,Asha_Bhosle
Gordian_III,Antonia_Gordiana
Daniel_Frank_Gerber,Frank_Daniel_Gerber
Lady_Charlotte_Guest,"Albemarle_Bertie,_9th_Earl_of_Lindsey"
Inwa_Mibaya,Bayinnaung
Zack_Ward,Pam_Hyatt
Thomas_Preljubović,Preljub
John_Addison_Porter_(Secretary_to_the_President),John_Addison_Porter
Mutnedjmet,Ay
Abaoji,Empress_Dowager_Yaonian_Yanmujin
Princess_Iniga_of_Thurn_and_Taxis,Prince_Ludwig_Philipp_of_Thurn_and_Taxis
Christian_Brando,Anna_Kashfi
Annabelle_Attanasio,Katie_Jacobs
Christian_VII_of_Denmark,Louise_of_Great_Britain
"Amadeus_IX,_Duke_of_Savoy","Louis,_Duke_of_Savoy"
"Elizabeth_Stafford,_Duchess_of_Norfolk","Eleanor_Percy,_Duchess_of_Buckingham"
Tehaapapa_II,Tamatoa_IV
John_R._Ingram_(businessman),Martha_Rivers_Ingram
"Leopold_II,_Grand_Duke_of_Tuscany","Ferdinand_III,_Grand_Duke_of_Tuscany"
Clara_de_Hirsch,Jonathan-Raphaël_Bischoffsheim
Maria_Teresa_Felicitas_d'Este,"Francesco_III_d'Este,_Duke_of_Modena"
Sukhumala_Marasri,Mongkut
Anna_Maria_Komorowska,Zofia_Sapieha
Duchess_Anastasia_of_Mecklenburg-Schwerin,"Frederick_Francis_IV,_Grand_Duke_of_Mecklenburg-Schwerin"
Kate_Hobhouse,Garry_Weston
Ali_Yıldırım_Koç,Rahmi_Koç
"Charles,_Duke_of_Berry_(1446–1472)",Marie_of_Anjou
Alessandro_Gassmann,Vittorio_Gassman
"Ranulf_de_Gernon,_4th_Earl_of_Chester",Lucy_of_Bolingbroke
Casimir_II_the_Just,Salomea_of_Berg
Bithiah,Seti_I
Igor_Nak,Vladimir_Nak
Kaʻahumanu,Keeaumoku_Pāpaiahiahi
Princess_Sophie_of_Bavaria,Maximilian_I_Joseph_of_Bavaria
"Thomas_Howard,_21st_Earl_of_Arundel","Philip_Howard,_20th_Earl_of_Arundel"
William_de_Vesci_(d.1297),William_de_Vesci_(d.1253)
"Karl_August,_Grand_Duke_of_Saxe-Weimar-Eisenach","Ernest_Augustus_II,_Duke_of_Saxe-Weimar-Eisenach"
"Elizabeth_of_Hesse-Kassel,_Duchess_of_Mecklenburg","Maurice,_Landgrave_of_Hesse-Kassel"
Nigel_Calder,Peter_Ritchie_Calder
"Berthold_I,_Count_of_Tyrol","Albert_II,_Count_of_Tyrol"
Tyler_Posey,John_Posey_(actor)
Jana_Khayat,Garry_Weston
Sam_Chan,Shek_Sau
Bolesław_II_of_Masovia,Siemowit_I_of_Masovia
Thado_Minsaw_of_Ava,Shin_Myo_Myat
Beatrice_Bhadrayuvadi,Chulalongkorn
Caterina_Guzzanti,Paolo_Guzzanti
"Ernest_Frederick,_Duke_of_Saxe-Coburg-Saalfeld","Francis_Josias,_Duke_of_Saxe-Coburg-Saalfeld"
Robert_Stephenson,George_Stephenson
Henry_Harris_Lines,Samuel_Lines
"Frederick_I,_Holy_Roman_Emperor","Frederick_II,_Duke_of_Swabia"
Peter_D._Martin,Carlo_Tresca
"Xie,_Marquis_of_Jin",Shu_Yu_of_Tang
"Elizabeth_Stuart,_Queen_of_Bohemia",Anne_of_Denmark
Samuel_Wagan_Watson,Sam_Watson_(activist)
"Georg_Albrecht,_Margrave_of_Brandenburg-Bayreuth-Kulmbach","Marie_of_Prussia,_Margravine_of_Brandenburg-Bayreuth"
Lakhpatji,Deshalji_I
Qin_Shi_Huang,Queen_Dowager_Zhao
Lily_McMenamy,Kristen_McMenamy
"Gottfried,_Prince_of_Hohenlohe-Langenburg",Princess_Alexandra_of_Saxe-Coburg_and_Gotha
Melinda_Marx,Groucho_Marx
Aonghus_Mór,Domhnall_mac_Raghnaill
Amy_Ziering,Sigi_Ziering
Dorothea_Wilhelmine_of_Saxe-Zeitz,Marie_Amalie_of_Brandenburg
Hong_Seok-hyun,Hong_Jin-ki
Princess_Sharada_Shah_of_Nepal,"Indra,_Crown_Princess_of_Nepal"
Riya_Sen,Moon_Moon_Sen
Helena_Palaiologina_(daughter_of_Demetrios_Palaiologos),Demetrios_Palaiologos
Andrea_Koppel,Ted_Koppel
Katarzyna_Karolina_Radziwiłł,Michał_Kazimierz_%22Rybeńko%22_Radziwiłł
"Gerhard_VI_of_Jülich,_Count_of_Berg_and_Ravensberg",Joanna_of_Hainaut
Archduchess_Ludovika_Elisabeth_of_Austria,"Francis_II,_Holy_Roman_Emperor"
Angada,Vali_(Ramayana)
Shensheng,Duke_Xian_of_Jin
"Dirk_III,_Count_of_Holland","Arnulf,_Count_of_Holland"
Merrimon_Cuninggim,Jesse_Lee_Cuninggim
Minoo_Mumtaz,Mumtaz_Ali
Kate_O'Toole_(actress),Siân_Phillips
Spike_Lee,Bill_Lee_(musician)
Joanna_Sophia_of_Bavaria,Margaret_of_Brieg
Michael_Reagan,Ronald_Reagan
Pedro_V_of_Portugal,Ferdinand_II_of_Portugal
"Francis_I,_Holy_Roman_Emperor",Élisabeth_Charlotte_d'Orléans
Robby_Enthoven,Dick_Enthoven
Kunala,Rani_Padmavati
"John_Neville,_1st_Marquess_of_Montagu","Richard_Neville,_5th_Earl_of_Salisbury"
Matthew_Shepard,Dennis_Shepard
Infanta_Maria_Francisca_of_Portugal_(b._1997),"Isabel,_Duchess_of_Braganza"
Brownlow_North,"Francis_North,_1st_Earl_of_Guilford"
"Alfonso_II_d'Este,_Duke_of_Ferrara",Renée_of_France
"Ralph_de_Stafford,_1st_Earl_of_Stafford","Edmund_de_Stafford,_1st_Baron_Stafford"
Melanie_Griffith,Tippi_Hedren
Frederick_of_Denmark_(bishop),Sophie_of_Pomerania
William_Rice_(Methodist_minister),William_Rice_(1788)
Thomas_Petrie,Andrew_Petrie
"William_Zeckendorf,_Jr.",William_Zeckendorf
Maurice_Garland_Fulton,Robert_Burwell_Fulton
Gabrielle_d'Estrées,Antoine_d'Estrées
Şehzade_Korkut,Nigar_Hatun
"William_Howard,_1st_Viscount_Stafford","Alethea_Howard,_Countess_of_Arundel"
"Catherine,_Duchess_of_Cambridge",Carole_Middleton
Osred_I_of_Northumbria,Aldfrith_of_Northumbria
Władysław_Leon_Sapieha,Adam_Stanisław_Sapieha
Michael_Grade,Leslie_Grade
Spencer_Luckey,Tom_Luckey
Toljen_of_Hum,Ban_Kulin
Kate_Fischer,Pru_Goward
Princess_Pauline_of_Württemberg_(1810–1856),Princess_Charlotte_of_Saxe-Hildburghausen
Catherine_of_Bosnia,Jelena_Balšić
"Ernest_II,_Duke_of_Saxe-Gotha-Altenburg","Frederick_III,_Duke_of_Saxe-Gotha-Altenburg"
Antiochus_V_Eupator,Antiochus_IV_Epiphanes
Adam_Jerzy_Czartoryski__PrinceAdam_Jerzy_Czartoryski__1,Adam_Kazimierz_Czartoryski
Frithuwald_of_Bernicia,Ida_of_Bernicia
Cole_Younger,Bersheba_Leighton_Fristoe
Thomas_Lincoln,Abraham_Lincoln_(captain)
Duke_Huai_of_Jin,Duke_Hui_of_Jin
John_Cadbury,Richard_Tapper_Cadbury
"John_II,_Duke_of_Opava","Wenceslaus_II,_Duke_of_Opava"
Infanta_Maria_Ana_Vitória_of_Portugal,Maria_I_of_Portugal
Queen_Elizabeth_The_Queen_Mother,"Cecilia_Bowes-Lyon,_Countess_of_Strathmore_and_Kinghorne"
Mahaut_of_Albon,Guigues_III_of_Albon
Gustav_IV_Adolf_of_Sweden,Gustav_III_of_Sweden
Jan_Karol_Tarło,Stanisław_Tarło
"Catherine_Woodville,_Duchess_of_Buckingham",Jacquetta_of_Luxembourg
Charles_Wesley,Samuel_Wesley_(poet)
Jadwiga_of_Poland,Elizabeth_of_Bosnia
García_Ramírez_of_Viguera,Ramiro_Garcés_of_Viguera
Brian_Henson,Jim_Henson
"Henry_III,_Landgrave_of_Upper_Hesse","Louis_I,_Landgrave_of_Hesse"
Eric_of_Brandenburg,"John_I,_Margrave_of_Brandenburg"
Catherine_of_Poděbrady,Kunigunde_of_Sternberg
"Henry_III,_Margrave_of_Meissen",Jutta_of_Thuringia
Agnes_of_Limburg-Styrum,Hermann_Georg_of_Limburg
Mariana_of_Austria,"Ferdinand_III,_Holy_Roman_Emperor"
"Frederick_Charles,_Duke_of_Schleswig-Holstein-Sonderburg-Plön",Dorothea_Christina_of_Aichelberg
Jankibai,Prataprao_Gujar
Augustus,Julius_Caesar
Jennifer_Caron_Hall,Peter_Hall_(director)
"Alix,_Dowager_Princess_of_Ligne",Prince_Felix_of_Bourbon-Parma
Tamao_Nakamura,Ganjirō_Nakamura
Emperor_Go-Momozono,Emperor_Momozono
Ali,Abu_Talib_ibn_Abd_al-Muttalib
Tanya_Haden,Charlie_Haden
Mary_Jean_Eisenhower,John_Eisenhower
Lorenza_Agoncillo,Marcela_Agoncillo
Harun_al-Rashid,Al-Mahdi
Hieronim_Chodkiewicz,Aleksander_Chodkiewicz
Matthew_the_Apostle,Alphaeus
Alan_Durward,Thomas_de_Lundin
Laura_Martinozzi,Laura_Margherita_Mazzarini
"Yunzhi,_Prince_Cheng",Kangxi_Emperor
William_fitz_Duncan,Duncan_II_of_Scotland
Pauline_Bonaparte,Carlo_Buonaparte
Mallika_Sarabhai,Vikram_Sarabhai
George_Mason,George_Mason_III
Toby_Jones,Freddie_Jones
Kajol,Tanuja
John_Komnenos_the_Fat,Alexios_Axouch
Brad_Templeton,Sylvia_Murphy
Violant_of_Bar,"Robert,_Duke_of_Bar"
Rustam_Emomali,Emomali_Rahmon
Philippa_de_Neville,Margaret_de_Stafford
Emperor_Shengzong_of_Liao,Emperor_Jingzong_of_Liao
Prince_Georg_of_Hanover,Prince_George_William_of_Hanover_(1915–2006)
Maria_Luisa_of_Spain,Maria_Amalia_of_Saxony
"John,_Count_Palatine_of_Gelnhausen","John_Charles,_Count_Palatine_of_Gelnhausen"
Nicolete_Gray,Laurence_Binyon
Świętosława,Mieszko_I_of_Poland
Zdzisław_Zamoyski,Zofia_Czartoryska
Henry_de_La_Falaise,Georges_de_la_Falaise
Cindy_McCain,Jim_Hensley
Charles_Wertenbaker,Bill_Wertenbaker
"Manfred,_King_of_Sicily",Bianca_Lancia
Sean_Flynn_(photojournalist),Lili_Damita
Princess_Takata,Lady_Ōnu
Aditya_Raj_Kapoor,Geeta_Bali
William_Owen_Bush,George_Washington_Bush
"Charles_III,_Prince_of_Monaco","Florestan_I,_Prince_of_Monaco"
Valentinian_II,Valentinian_I
Margaret_Lee_(lady-in-waiting),Henry_Wyatt_(courtier)
Esther_Dyson,Freeman_Dyson
"William_the_Younger,_Duke_of_Brunswick-Lüneburg","Ernest_I,_Duke_of_Brunswick-Lüneburg"
Caroline_Mays_Brevard,"Theodore_W._Brevard,_Jr."
"Albert_I,_Duke_of_Mecklenburg-Stargard","John_I,_Duke_of_Mecklenburg-Stargard"
"Leopold,_Prince_of_Salerno",Maria_Carolina_of_Austria
Sara_Foster,David_Foster
Lionel_Rogosin,Israel_Rogosin
Jon-Michael_Ecker,Guy_Ecker
Juliette_Rossant,James_Rossant
Duke_Carl_Gregor_of_Mecklenburg,"George,_Duke_of_Mecklenburg"
James_Lipton,Lawrence_Lipton
Michel_Trudeau,Pierre_Trudeau
Countess_Charlotte_of_Hanau-Lichtenberg,Dorothea_Friederike_of_Brandenburg-Ansbach
"Prince_Benedetto,_Duke_of_Chablais",Charles_Emmanuel_III_of_Sardinia
Yaropolk_Izyaslavich,Iziaslav_I_of_Kiev
Joanna_of_Flanders,"Joan,_Countess_of_Rethel"
Duke_Huan_of_Zheng,King_Li_of_Zhou
"Isabel_de_Verdun,_Baroness_Ferrers_of_Groby",Elizabeth_de_Clare
"Katherine_Stanhope,_Countess_of_Chesterfield","Thomas_Wotton,_2nd_Baron_Wotton"
Gleason_Archer_Jr.,Gleason_Archer_Sr.
Adrian_Swire,John_Kidston_Swire
Soong_Ai-ling,Charlie_Soong
Kalasala_Babu,Kalamandalam_Krishnan_Nair
Laura_Flanders,Michael_Flanders
Mary_de_Bohun,"Humphrey_de_Bohun,_7th_Earl_of_Hereford"
Frances_Anne_Edgeworth,Daniel_Augustus_Beaufort
Archduke_Leopold_Salvator_of_Austria,Archduke_Karl_Salvator_of_Austria
Edward_Lewis_Young,Edward_Faitoute_Condict_Young
Maha_Chakkraphat,Ramathibodi_II
Ben_Stein,Herbert_Stein
"Charles,_Prince_of_Viana",Blanche_I_of_Navarre
"James_Hamilton,_2nd_Duke_of_Abercorn","Louisa_Hamilton,_Duchess_of_Abercorn"
Edward_V_of_England,Edward_IV_of_England
Maria_Palaiologina_Kantakouzene,John_Kantakouzenos_(pinkernes)
Kirstine_Fiil,Gudrun_Fiil
Jessica_DiCicco,Bobby_Di_Cicco
Gerloc,Poppa_of_Bayeux
Bryan_Todd_(businessman),Charles_Todd_(industrialist)
Vel_Kelu_Kuttuvan,Nedum_Cheralathan
Djoumbé_Fatima,"Abderremane,_Sultan_of_Mohéli"
"John_I,_Lord_of_Egmond","Walter_II,_Lord_of_Egmond"
August_of_Saxe-Weissenfels_(1650–1674),"Augustus,_Duke_of_Saxe-Weissenfels"
Lady_Augusta_Gordon,William_IV_of_the_United_Kingdom
"Charles_II,_Margrave_of_Baden-Durlach",Ursula_of_Rosenfeld
Tezozomoc_(son_of_Chimalpopoca),Matlalatzin
Frank_Kelly,Charles_E._Kelly_(cartoonist)
Beatrice_Straight,Dorothy_Payne_Whitney
Gigi_Hadid,Yolanda_Hadid
Liutgarde,"Otto_I,_Holy_Roman_Emperor"
Anna_Komnene,Irene_Doukaina
Shweta_Mohan,Sujatha_Mohan
Philip_II_of_Spain,Isabella_of_Portugal
Henry_Miller_Shreve,Israel_Shreve
Ilwad_Elman,Fartuun_Adan
Prince_Victor_of_Hohenlohe-Langenburg,"Ernst_I,_Prince_of_Hohenlohe-Langenburg"
Vimbai_Mutinhiri,Tracy_Mutinhiri
Prince_Adalbert_of_Prussia_(1811–1873),Prince_Wilhelm_of_Prussia_(1783–1851)
John_Doukas_(sebastokrator),Constantine_Angelos
Adelperga,Desiderius
Tengku_Amir_Shah,Sharafuddin_of_Selangor
Elisabeth_Dorothea_of_Saxe-Gotha-Altenburg,Princess_Elisabeth_Sophie_of_Saxe-Altenburg
Elisabeth_de_Bar,Marie_de_Namur
"Infante_Alvaro,_Duke_of_Galliera","Infante_Alfonso,_Duke_of_Galliera"
Li_Tan,Emperor_Suzong_of_Tang
Aza_Raskin,Jef_Raskin
Toda_of_Pamplona,Onneca_Fortúnez
Osman_III,Şehsuvar_Sultan
Franklin_Graham,Ruth_Graham
Philippe_Besnard,Paul-Albert_Besnard
"Heinrich_XXIV,_Count_Reuss_of_Ebersdorf","Heinrich_XXIX,_Count_of_Reuss-Ebersdorf"
Khalilullah_I,Ibrahim_I_of_Shirvan
Catherine_Opalińska,Jan_Karol_Opaliński
Efren_Reyes_Jr.,Efren_Reyes_Sr.
"Günther_XLIII,_Prince_of_Schwarzburg-Sondershausen","Christian_William_I,_Prince_of_Schwarzburg-Sondershausen"
"Afonso,_Duke_of_Porto",Maria_Pia_of_Savoy
"Philipp,_Landgrave_of_Hesse",Prince_Frederick_Charles_of_Hesse
Charles_Eric_Hambro,Everard_Hambro
"Blanche_of_Burgundy,_Countess_of_Savoy","Robert_II,_Duke_of_Burgundy"
Keira_Knightley,Will_Knightley
Musa_ibn_Muhanna,Muhanna_ibn_Isa
Georgia_Moffett,Sandra_Dickinson
Nicolas_Noxon,Betty_Lane
"Richeza_of_Poland,_Queen_of_Sweden",Salomea_of_Berg
"Isabel_of_Cambridge,_Countess_of_Essex",Anne_de_Mortimer
Margaret_of_Brunswick-Lüneburg_(1442–1512),"Frederick_II,_Duke_of_Brunswick-Lüneburg"
Sylvia_Pankhurst,Emmeline_Pankhurst
Eledath_Thaikkattu_Narayanan_Mooss,Eledath_Thaikkattu_Neelakandan_Mooss
Duke_Wilhelm_in_Bavaria,"John,_Count_Palatine_of_Gelnhausen"
"John_Frederick,_Duke_of_Pomerania","Philip_I,_Duke_of_Pomerania"
"Margaret_II,_Countess_of_Flanders",Marie_of_Champagne
Bernhard_von_Spanheim,Agnes_of_Austria_(1154–1182)
Theodora_Kantakouzene_(wife_of_Orhan),John_VI_Kantakouzenos
Athina_Onassis_Roussel,Thierry_Roussel
"Bernhard,_Prince_of_Saxe-Meiningen",Countess_Adelaide_of_Lippe-Biesterfeld
"Louis,_Prince_of_Condé_(1668–1710)",Anne_Henriette_of_Bavaria
Stanisław_Radziwiłł,Mikołaj_%22the_Black%22_Radziwiłł
Mary_Soames,Winston_Churchill
"Albert_IV,_Count_of_Tyrol","Henry_I,_Count_of_Tyrol"
Ahmad_Al_Ghazali,Ahmad_Dhani
Marcel_Theroux,Paul_Theroux
Túpac_Amaru,Manco_Inca_Yupanqui
Maria_II_of_Portugal,Maria_Leopoldina_of_Austria
Tamara_Czartoryska,Nora_Picciotto
Princess_Eleonore_Erdmuthe_of_Saxe-Eisenach,"John_George_I,_Duke_of_Saxe-Eisenach"
Valens,Gratian_the_Elder
İhsan_Sabancı,Hacı_Ömer_Sabancı
"Marie-Adélaïde,_Grand_Duchess_of_Luxembourg",Infanta_Marie_Anne_of_Portugal
Duke_Huan_of_Qi,Duke_Xi_of_Qi
Tlacuilolxochtzin,Matlaccoatzin
Stefan_Uroš_V,Helena_of_Bulgaria
"Richard,_6th_Prince_of_Sayn-Wittgenstein-Berleburg",Margareta_Fouché
Lucy_Davis,Jasper_Carrott
"Infanta_Catherine,_Duchess_of_Villena",Catherine_of_Lancaster
"Rudolf_II,_Duke_of_Austria",Gertrude_of_Hohenburg
Shahid_Kapoor,Pankaj_Kapur
Keaweaweulaokalani,Kamehameha_III
Raúl_Araiza,Raúl_Araiza_(director)
Ha'_K'in_Xook,Itzam_K'an_Ahk_II
"John_V,_Count_of_Armagnac","Isabella_of_Navarre,_Countess_of_Armagnac"
Gerald_Durrell,Louisa_Dixie_Durrell
Valentinian_II,Justina_(empress)
"Sophia_of_Saxe-Weissenfels,_Princess_of_Anhalt-Zerbst",Anna_Maria_of_Mecklenburg-Schwerin
King_Wei_of_Qi,Duke_Huan_of_Tian_Qi
Dubhghall_mac_Ruaidhrí,Ruaidhrí_mac_Raghnaill
Hisham_ibn_Abd_al-Malik,Abd_al-Malik_ibn_Marwan
Alexander_of_Battenberg,Prince_Alexander_of_Hesse_and_by_Rhine_(1823–1888)
Ansel_Elgort,Grethe_Barrett_Holby
Jase_Robertson,Kay_Robertson
Salvador_de_Iturbide_y_Huarte,Ana_María_de_Huarte_y_Muñiz
Jan_Lubomirski,Hieronim_Augustyn_Lubomirski
Gerry_Conlon,Sarah_Conlon
Hirut_Desta,Princess_Tenagnework
Charles_IV_of_Spain,Maria_Amalia_of_Saxony
Hattie_Morahan,Anna_Carteret
Brooks_McCormick,Chauncey_McCormick
Charles_Montague_Cooke,Amos_Starr_Cooke
Countess_Palatine_Eleonora_Catherine_of_Zweibrücken,"John_Casimir,_Count_Palatine_of_Kleeburg"
Anna_Maria_of_Liechtenstein,"Anton_Florian,_Prince_of_Liechtenstein"
Marie_Anne_de_Bourbon_(1689–1720),"François_Louis,_Prince_of_Conti"
Louise_de_Maisonblanche,Claude_de_Vin_des_Œillets
Princess_Louise_of_Saxe-Hildburghausen,"Frederick,_Duke_of_Saxe-Altenburg"
Cromwell_Lee,Margaret_Lee_(lady-in-waiting)
Mieszko_Kazimierzowic,Casimir_I_the_Restorer
Richard_Yuengling_Sr.,Frank_D._Yuengling
Murad_II,Emine_Hatun
Prosenjit_Chatterjee,Biswajit_Chatterjee
"Maximilian_I,_Prince_of_Hohenzollern-Sigmaringen","Meinrad_I,_Prince_of_Hohenzollern-Sigmaringen"
Elisabeth_of_Wrocław,"Anne_of_Bohemia,_Duchess_of_Silesia"
Jehoram_of_Judah,Jehoshaphat
Ritabhari_Chakraborty,Satarupa_Sanyal
Alfred_de_Rothschild,Lionel_de_Rothschild
Sophie_Lascelles,James_Lascelles
Rajadhiraja_Chola,Rajendra_Chola_I
Adandozan,Agonglo
William_III_of_England,"William_II,_Prince_of_Orange"
Sophie_of_Pomerania,"Bogislaw_X,_Duke_of_Pomerania"
Frank_Mankiewicz,Herman_J._Mankiewicz
Gaspard_II_de_Coligny,Gaspard_I_de_Coligny
"Roger_de_Clare,_2nd_Earl_of_Hertford",Richard_Fitz_Gilbert_de_Clare
Thiri_Thudhamma_Yaza_of_Martaban,Yaza_Dewi_of_Pegu
Emperor_Kanmu,Emperor_Kōnin
Richard_Branson,Eve_Branson
Margaret_of_Parma,"Charles_V,_Holy_Roman_Emperor"
Abijah_of_Judah,Rehoboam
Richard_Hooker_Wilmer,William_Holland_Wilmer
Gustaf_VI_Adolf_of_Sweden,Gustaf_V_of_Sweden
Shah_Berunai,Saiful_Rijal
Beatrice_of_Bohemia,Kunigunde_of_Hohenstaufen
"James_III,_Margrave_of_Baden-Hachberg",Anna_of_Veldenz
Henrietta_of_England,Henrietta_Maria_of_France
Prince_Feodor_Alexandrovich_of_Russia,Grand_Duke_Alexander_Mikhailovich_of_Russia
Melissa_Newman,Paul_Newman
"Edmund_Beaufort,_2nd_Duke_of_Somerset","John_Beaufort,_1st_Earl_of_Somerset"
Florian_Ballhaus,Michael_Ballhaus
"William_I,_Landgrave_of_Lower_Hesse","Louis_II,_Landgrave_of_Lower_Hesse"
Anna-Euphrosyne,Isaac_II_Angelos
Kshama_Metre,Waman_Bapuji_Metre
Leon_Aleksander_Sapieha,Elżbieta_Konstancja_Potulicka
Princess_Katherine_of_Greece_and_Denmark,Constantine_I_of_Greece
Badshah_Begum,Farrukhsiyar
Maria_Beatrice_of_Savoy,Victor_Emmanuel_I_of_Sardinia
Asparukh_of_Bulgaria,Kubrat
"Christopher,_Duke_of_Mecklenburg","Anna_of_Brandenburg,_Duchess_of_Mecklenburg"
Stefan_Nemanja,Zavida
Josh_Duggar,Jim_Bob_Duggar
"Charles_IV,_Duke_of_Lorraine",Christina_of_Salm
Boris_Kalamanos,Euphemia_of_Kiev
"Sir_Albert_Naylor-Leyland,_2nd_Baronet",Herbert_Naylor-Leyland
Rhoda_Haas_Goldman,Walter_A._Haas
William_Sanderson_McCormick,Robert_McCormick_(Virginia)
Jonathan_Oppenheimer,Nicky_Oppenheimer
"Reinald_IV,_Duke_of_Guelders_and_Jülich","Maria,_Duchess_of_Guelders"
"James_Hamilton,_1st_Duke_of_Hamilton",Lady_Ann_Cunningham
Didius_Julianus,Aemilia_Clara
Gyda_of_Sweden,Gunnhildr_Sveinsdóttir
Liu_Shao_(Liu_Song),Emperor_Wen_of_Liu_Song
Tatiana_Samoilova,Yevgeny_Samoylov
"Christian_Günther_I,_Count_of_Schwarzburg-Sondershausen","John_Günther_I,_Count_of_Schwarzburg-Sondershausen"
Maurice_(emperor),Paul_(father_of_Maurice)
Carl_Löwenhielm,Charles_XIII_of_Sweden
Elisabeth_of_Swabia,Philip_of_Swabia
"Louis_Frederick_I,_Prince_of_Schwarzburg-Rudolstadt",Countess_Emilie_Juliane_of_Barby-Mühlingen
"Peter_II,_Count_of_Savoy","Thomas,_Count_of_Savoy"
Mary_Carpenter,Lant_Carpenter
"George_Spencer-Churchill,_Marquess_of_Blandford","Jamie_Spencer-Churchill,_12th_Duke_of_Marlborough"
Berengaria_of_Castile,Alfonso_VIII_of_Castile
"Henry_Raspe,_Landgrave_of_Thuringia",Sophia_of_Wittelsbach
Mahmud_of_Ghazni,Sabuktigin
"Francis_I,_Duke_of_Nevers","Charles_II,_Count_of_Nevers"
"Frederick_I,_Elector_of_Saxony","Frederick_III,_Landgrave_of_Thuringia"
"Violet_Manners,_Duchess_of_Rutland",Charles_Lindsay
Chris_Wallace,Mike_Wallace
"Anthony_I,_Count_of_Ligny","Jeanne_de_Bar,_Countess_of_Marle_and_Soissons"
"Louis_Philippe_II,_Duke_of_Orléans",Louise_Henriette_de_Bourbon
August_Aleksander_Czartoryski,Kazimierz_Czartoryski
Charlotte_de_Rohan,Anne_Marie_Louise_de_La_Tour_d'Auvergne
Infanta_Francisca_Josefa_of_Portugal,Maria_Sophia_of_Neuburg
Min_Dawlya,Ba_Saw_Phyu
Tsarevna_Marfa_Alekseyevna_of_Russia,Maria_Miloslavskaya
Prince_Ludwig_Philipp_of_Thurn_and_Taxis,"Albert,_8th_Prince_of_Thurn_and_Taxis"
Rachel_Saint,Lawrence_Saint
Princess_Louise_Charlotte_of_Saxe-Altenburg,Prince_Moritz_of_Saxe-Altenburg
Beatrice_d'Este,"Ercole_I_d'Este,_Duke_of_Ferrara"
Sulili,Aminu_(Assyrian_king)
Diana_Barrymore,John_Barrymore
Augustyn_Józef_Czartoryski,Maria_Ludwika_Krasińska
"Ferdinand_II,_Archduke_of_Austria","Ferdinand_I,_Holy_Roman_Emperor"
"Peter,_Hereditary_Prince_of_Yugoslavia","Alexander,_Crown_Prince_of_Yugoslavia"
Laodice_V,Seleucus_IV_Philopator
Hangbe,Houegbadja
Salma_Sobhan,Mohammed_Ikramullah
Qianlong_Emperor,Yongzheng_Emperor
"Ælfthryth,_wife_of_Edgar","Ordgar,_Ealdorman_of_Devon"
Princess_Raiyah_bint_Hussein,Queen_Noor_of_Jordan
Muhammad_Azam_Shah,Aurangzeb
"John_de_Vere,_13th_Earl_of_Oxford","John_de_Vere,_12th_Earl_of_Oxford"
"Rudolf_II,_Margrave_of_Hachberg-Sausenberg","Rudolf_I,_Margrave_of_Hachberg-Sausenberg"
Qian_Hongzuo,Lady_Xu_Xinyue
Volusianus,Afinia_Gemina_Baebiana
Basant_Kumar_Birla,Ghanshyam_Das_Birla
Princess_Alexandrine_of_Prussia_(1803–1892),Louise_of_Mecklenburg-Strelitz
Ketki_Dave,Sarita_Joshi
Brody_Jenner,Linda_Thompson_(actress)
Jim_Younger,Henry_Washington_Younger
"Joanna_of_Aragon,_Countess_of_Ampurias",Maria_of_Navarre
Leopold_I_of_Belgium,"Francis,_Duke_of_Saxe-Coburg-Saalfeld"
Teresa_Cristina_of_the_Two_Sicilies,Francis_I_of_the_Two_Sicilies
Ramiro_II_of_León,Elvira_Menéndez_(died_921)
"Charles_II,_Archduke_of_Austria","Ferdinand_I,_Holy_Roman_Emperor"
Jianwen_Emperor,Zhu_Biao
Sriimurali,S._A._Chinne_Gowda
Alexander_Jagiellon,Casimir_IV_Jagiellon
Rajiv_Kapoor,Raj_Kapoor
Archduke_Peter_Ferdinand_of_Austria,Princess_Alice_of_Parma_(1849–1935)
Susan_L._Tepper,Philip_J._Levin
"Heinrich_XXII,_Prince_Reuss_of_Greiz","Heinrich_XX,_Prince_Reuss_of_Greiz"
Prince_Tsuneyoshi_Takeda,Prince_Tsunehisa_Takeda
Harvey_Bautista,Herbert_Bautista
Elisabeth_of_Brandenburg-Ansbach-Kulmbach,"Frederick_I,_Margrave_of_Brandenburg-Ansbach"
Stefan_Aleksander_Potocki,Jan_Potocki
Nutan,Shobhna_Samarth
Princess_Seonhwa_of_Silla,Jinpyeong_of_Silla
Prince_Welf_Ernst_of_Hanover,Princess_Sophie_of_Greece_and_Denmark
Sigrid_Rausing,Hans_Rausing
Ludwik_Wróblewski,Franciszek_Wróblewski
Muzaffar_II_of_Johor,Alauddin_Riayat_Shah_II_of_Johor
"Charles_Bennet,_4th_Earl_of_Tankerville","Charles_Bennet,_3rd_Earl_of_Tankerville"
Giannis_Vardinogiannis,Marianna_Vardinoyannis
Richard_Guildford,John_Guildford
"Augustus_George,_Margrave_of_Baden-Baden",Duchess_Sibylle_of_Saxe-Lauenburg
Francis_Julius_of_Saxe-Lauenburg,"Francis_II,_Duke_of_Saxe-Lauenburg"
Robert_Leighton_(bishop),Alexander_Leighton
Ihsan_Abdel_Quddous,Rose_al_Yusuf
Duke_Xiao_of_Chen,Duke_Shēn_of_Chen
Prince_Jean_of_Luxembourg,Princess_Joséphine_Charlotte_of_Belgium
Victor_Amadeus_II_of_Sardinia,"Charles_Emmanuel_II,_Duke_of_Savoy"
Predslava_of_Kiev,Sviatopolk_II_of_Kiev
"Philip_VII,_Count_of_Waldeck","Christian,_Count_of_Waldeck"
Muhammad_IV_of_Shirvan,Yazid_II_of_Shirvan
Hlumelo_Biko,Mamphela_Ramphele
"William_I,_Marquis_of_Namur","John_I,_Marquis_of_Namur"
Infanta_Maria_Teresa_of_Spain,Alfonso_XII_of_Spain
Tom_Waterhouse,Gai_Waterhouse
"Infante_Philip,_Duke_of_Calabria",Charles_III_of_Spain
Louisa_Collings,Frederick_Lukis
Magdalena_Sibylle_of_Saxe-Weissenfels,Anna_Maria_of_Mecklenburg-Schwerin
Zhao_Defang,Emperor_Taizu_of_Song
"Josias_I,_Count_of_Waldeck","Wolrad_II,_Count_of_Waldeck"
Frederick_IX_of_Denmark,Alexandrine_of_Mecklenburg-Schwerin
Talita_von_Fürstenberg,Alexandra_von_Fürstenberg
Nicholas_II_of_Werle,John_I_of_Werle
April_Winchell,Paul_Winchell
Seble_Desta,Desta_Damtew
"Philip,_Duke_of_Holstein-Gottorp","Adolf,_Duke_of_Holstein-Gottorp"
Rafał_Leszczyński_(1650–1703),Bogusław_Leszczyński
Langdarma,Sadnalegs
Todd_Karns,Roscoe_Karns
"Matilda_of_Savoy,_Queen_of_Portugal",Mahaut_of_Albon
Sobhuza_II,Lomawa_Ndwandwe
Anna_Lubomirska_(d._1736),Hieronim_Augustyn_Lubomirski
Beatrice_of_Luxembourg,Margaret_of_Brabant
Zoë_Kravitz,Lisa_Bonet
"Wartislaw_VII,_Duke_of_Pomerania","Bogislaw_V,_Duke_of_Pomerania"
"Maurice_FitzGerald,_3rd_Lord_of_Offaly","Maurice_FitzGerald,_2nd_Lord_of_Offaly"
Agathe_von_Trapp,Georg_von_Trapp
Prince_Bernhard_of_Lippe-Biesterfeld,Prince_Bernhard_of_Lippe_(1872–1934)
Chief_Joseph,Old_Chief_Joseph
"Frederick_II,_Duke_of_Holstein-Gottorp","Adolf,_Duke_of_Holstein-Gottorp"
"John_Paulet,_5th_Marquess_of_Winchester","William_Paulet,_4th_Marquess_of_Winchester"
Yonglin,Qianlong_Emperor
"Gustav_Adolph,_Duke_of_Mecklenburg-Güstrow","John_Albert_II,_Duke_of_Mecklenburg"
Oakes_Angier_Ames,Oakes_Ames
"Sophia_I,_Abbess_of_Gandersheim","Otto_II,_Holy_Roman_Emperor"
Princess_Lalla_Asma_of_Morocco,Lalla_Latifa
Mark_Angelo,Ann_Richards_(actress)
Richard_Hilton,Barron_Hilton
Janet_Munro,Alex_Munro_(comedian)
Hannah_Fidell,Linda_Greenhouse
"Robert_Sidney,_2nd_Earl_of_Leicester","Robert_Sidney,_1st_Earl_of_Leicester"
Surendra_of_Nepal,Rajendra_of_Nepal
Peter_I_of_Serbia,Persida_Nenadović
Robert_Cooper_Lee_Bevan,David_Bevan_(banker)
Nusret_Fişek,Hayrullah_Fişek
"Orrin_Henry_Ingram,_Sr.",Erskine_B._Ingram
Roman_Potocki,Maria_Klementyna_Sanguszko
Blanche_of_France_(nun),Philip_V_of_France
Grant_DePorter,Bobbi_DePorter
Cynthia_Roche,"James_Roche,_3rd_Baron_Fermoy"
Catherine_Parr,Maud_Green
Rostislav_Mikhailovich,Michael_of_Chernigov
"Frederick_II,_Grand_Duke_of_Baden","Frederick_I,_Grand_Duke_of_Baden"
William_Mundy_(MP),Francis_Mundy
Princess_Märtha_Louise_of_Norway,Queen_Sonja_of_Norway
Countess_Sophie_Henriette_of_Waldeck,Prince_Georg_Friedrich_of_Waldeck
Anil_Kapoor,Surinder_Kapoor
Bibi_Besch,Gotfrid_Köchert
Patrick_Stirling,Robert_Stirling
Grand_Duke_Nicholas_Mikhailovich_of_Russia,Olga_Feodorovna_of_Baden
Allan_McLean_(outlaw),Donald_McLean_(fur_trader)
Alexandre_Trudeau,Pierre_Trudeau
Yaroslav_II_of_Vladimir,Vsevolod_the_Big_Nest
"James,_Viscount_Severn","Sophie,_Countess_of_Wessex"
Eystein_I_of_Norway,Magnus_Barefoot
Bolesław_I_the_Brave,Mieszko_I_of_Poland
Nasser_bin_Abdulaziz_Al_Saud,Ibn_Saud
"William_Fiennes,_1st_Viscount_Saye_and_Sele","Richard_Fiennes,_7th_Baron_Saye_and_Sele"
Bianca_Maria_Sforza,Bona_of_Savoy
"Maurice_Roche,_4th_Baron_Fermoy","James_Roche,_3rd_Baron_Fermoy"
Ivan_Kőszegi,Henry_I_Kőszegi
"Charles_Frederick,_Grand_Duke_of_Baden",Princess_Amalia_of_Nassau-Dietz
Catherine_of_the_Palatinate_(1499–1526),"Margaret_of_Bavaria,_Electress_Palatine"
William_the_Conqueror,Herleva
"Marie_of_Savoy,_Countess_of_Saint-Pol","Louis,_Duke_of_Savoy"
"Charles_III,_Duke_of_Parma",Princess_Maria_Teresa_of_Savoy
Charles_I_of_England,Anne_of_Denmark
Christina_of_Holstein-Gottorp,Christine_of_Hesse
"Ernest_Frederick,_Margrave_of_Baden-Durlach","Charles_II,_Margrave_of_Baden-Durlach"
Giacomo_Boncompagni,Pope_Gregory_XIII
Alexander_Peli,Bracha_Peli
Marie_Anne_Éléonore_de_Bourbon,"Louis,_Prince_of_Condé_(1668–1710)"
Duke_Constantine_Petrovich_of_Oldenburg,Duke_Peter_Georgievich_of_Oldenburg
Josephine_Clara_Goldmark,Joseph_Goldmark
Aimery_of_Cyprus,Hugh_VIII_of_Lusignan
S._Curtis_Johnson,Imogene_Powers_Johnson
Kazuko_Takatsukasa,Empress_Kōjun
Peter_Phillips,Mark_Phillips
Princess_Margarita_of_Greece_and_Denmark,Princess_Alice_of_Battenberg
Eunice_Kennedy_Shriver,Rose_Kennedy
Gjon_Kastrioti_II,Donika_Kastrioti
Princess_Dorothea_of_Schleswig-Holstein-Sonderburg-Beck,"Frederick_Louis,_Duke_of_Schleswig-Holstein-Sonderburg-Beck"
Anawrahta,Kunhsaw_Kyaunghpyu
Umdat_ul-Umara,Muhammad_Ali_Khan_Wallajah
"Maria_of_Castile,_Queen_of_Aragon",Henry_III_of_Castile
Nicholas_I_of_Werle,"Henry_Borwin_II,_Lord_of_Mecklenburg"
"Thomas_Ashton,_3rd_Baron_Ashton_of_Hyde","Thomas_Ashton,_2nd_Baron_Ashton_of_Hyde"
Kaʻiulani,Likelike
Ibrahim_Pasha_of_Egypt,Muhammad_Ali_of_Egypt
Bilkees_I._Latif,Ali_Yavar_Jung
Soe_Min_Kodawgyi,Saw_Hnaung_of_Sagaing
Dayna_Cussler,Clive_Cussler
Hans_Albert_Einstein,Albert_Einstein
"Alessandro_de'_Medici,_Duke_of_Florence",Pope_Clement_VII
Gideon_Kailipalaki_Laanui,Gideon_Peleioholani_Laanui
Prince_Alemayehu,Tiruwork_Wube
"Isabella_of_Armenia,_Princess_of_Tyre","Leo_II,_King_of_Armenia"
Soh_Yeong_Roh,Roh_Tae-woo
Sigismund_Báthory,Christopher_Báthory
"Philipp_Ludwig_III,_Count_of_Hanau-Münzenberg",Sibylle_Christine_of_Anhalt-Dessau
Agnes_of_Merania_(1215-1263),"Beatrice_II,_Countess_of_Burgundy"
Antiochus_III_the_Great,Laodice_II
John_II_of_Aragon_and_Navarre,Eleanor_of_Alburquerque
Dési_von_Halban,Selma_Kurz
Shalivahan_Singh_Tomar,Ramshah_Tanwar
Nefertkau_III,Horbaef
William_Backhouse_Astor_Sr.,John_Jacob_Astor
Carlos_Bardem,Pilar_Bardem
Prince_Frederick_of_Great_Britain,"Frederick,_Prince_of_Wales"
Katerina_Tikhonova,Lyudmila_Putina
Murtaza_Bhutto,Nusrat_Bhutto
Princess_Francisca_of_Brazil,Maria_Leopoldina_of_Austria
"Edmund,_2nd_Earl_of_Cornwall",Sanchia_of_Provence
"Prince_Carl_Philip,_Duke_of_Värmland",Carl_XVI_Gustaf_of_Sweden
Jennifer_Pritzker,Robert_Pritzker
Teodora-Evdokija,"Maria_Palaiologina,_Queen_of_Serbia"
Gurgen-Khachik_of_Vaspurakan,Abusahl-Hamazasp_of_Vaspurakan
Govindachandra_(Gahadavala_dynasty),Madanapala_(Gahadavala_dynasty)
Duke_Mu_of_Qin,Duke_De_of_Qin
Prince_Michael_of_Kent,"Prince_George,_Duke_of_Kent"
Kōnia,Pauli_Kaōleiokū
"Thomas_Howard,_1st_Earl_of_Suffolk","Thomas_Howard,_4th_Duke_of_Norfolk"
Günter_Herz,Max_Herz
George_P._Putnam,John_Bishop_Putnam
Sibyl_de_Neufmarché,Bernard_de_Neufmarché
Zenobia_of_Armenia,Mithridates_of_Armenia
Paulina_Longworth_Sturm,William_Borah
Antonia_Visconti,Bernabò_Visconti
Lady_Margaret_Butler,"Thomas_Butler,_7th_Earl_of_Ormond"
"Francis_Erdmann,_Duke_of_Saxe-Lauenburg","Julius_Henry,_Duke_of_Saxe-Lauenburg"
Annabelle_Attanasio,Paul_Attanasio
"Princess_Maria_da_Glória,_Duchess_of_Segorbe",Princess_Maria_de_la_Esperanza_of_Bourbon-Two_Sicilies
Affreca_de_Courcy,Godred_Olafsson
Vincent_Astor,Ava_Lowle_Willing
Desi_Arnaz_Jr.,Desi_Arnaz
Jaycee_Chan,Joan_Lin
Andrew_Wilson_(actor),Laura_Wilson_(photographer)
Calum_Best,Angie_Best
Æthelberht_of_Kent,Eormenric_of_Kent
Prince_Gabriel_of_Belgium,Philippe_of_Belgium
"Henry_III,_Count_of_Schauenburg-Holstein","Henry_II,_Count_of_Holstein-Rendsburg"
Thomas_Neville,"William_Neville,_1st_Earl_of_Kent"
Keoni_Ana,John_Young_(Hawaii)
Eduardo_De_Filippo,Eduardo_Scarpetta
Mahapadma_Nanda,Mahanandin
"Prince_Thibaut,_Count_of_La_Marche","Henri,_Count_of_Paris"
Richeza_of_Lotharingia__Richeza_of_Lotharingia__1,"Ezzo,_Count_Palatine_of_Lotharingia"
Jake_Gyllenhaal,Naomi_Foner_Gyllenhaal
"Gervais,_Count_of_Rethel","Hugh_I,_Count_of_Rethel"
Alisa_Freindlich,Bruno_Freindlich
Robert_of_Vermandois,Robert_I_of_France
Emperor_Go-Mizunoo,Emperor_Go-Yōzei
Adile_Ayda,Sadri_Maksudi_Arsal
Natalie_Horler,David_Horler
Prince_Michael_of_Yugoslavia_(born_1958),Princess_Maria_Pia_of_Bourbon-Parma
Adam_von_Trott_zu_Solz,August_von_Trott_zu_Solz
Margaret_Carnegie_Miller,Andrew_Carnegie
Raghunath_Singha_Dev,Dhari_Hambir_Malla_Dev
Harriet_Hemings,Sally_Hemings
"Constance_of_Aragon,_Queen_of_Majorca",Teresa_d'Entença
Prince_Adalbert_of_Prussia_(1884–1948),"Wilhelm_II,_German_Emperor"
Alex_Martin,Whoopi_Goldberg
Countess_Henriette_Catherine_of_Nassau,"Frederick_Henry,_Prince_of_Orange"
Gerberga_of_Saxony,Matilda_of_Ringelheim
Prince_René_of_Bourbon-Parma,"Robert_I,_Duke_of_Parma"
Archibald_Gracie_IV,Archibald_Gracie_III
Cardinal-Infante_Afonso_of_Portugal,"Maria_of_Aragon,_Queen_of_Portugal"
Princess_Shruti_of_Nepal,Queen_Aishwarya_of_Nepal
Chico_Marx,Sam_Marx
Grand_Duke_Alexei_Alexandrovich_of_Russia,Alexander_II_of_Russia
"Ferdinand_Philippe,_Duke_of_Orléans",Louis_Philippe_I
Philip_Norman_(artist),George_Warde_Norman
Abd-ar-Rahman_III,Abdullah_ibn_Muhammad_al-Umawi
John_Randolph_Pepper,Curtis_Bill_Pepper
"Hedwig_of_Brandenburg,_Duchess_of_Brunswick-Wolfenbüttel","Hedwig_Jagiellon,_Electress_of_Brandenburg"
"Maximilian,_Duke_of_Hohenberg","Sophie,_Duchess_of_Hohenberg"
"John,_Margrave_of_Brandenburg-Küstrin","Elizabeth_of_Denmark,_Electress_of_Brandenburg"
"Edmund,_Earl_of_Rutland","Cecily_Neville,_Duchess_of_York"
John_Rogers_(divine),John_Rogers_(MP)
Philip_Oppenheimer,Otto_Oppenheimer
Prince_Karl_Aloys_of_Liechtenstein,Princess_Henriette_of_Liechtenstein
Mary_Pinchot_Meyer,Ruth_Pickering_Pinchot
Christina_Onassis,Aristotle_Onassis
Sophie_of_Brandenburg-Ansbach,"George,_Margrave_of_Brandenburg-Ansbach"
George_Watts_Hill,John_Sprunt_Hill
"Matilda,_Countess_of_Rethel","Hugh_I,_Count_of_Rethel"
Zaynab_bint_Jahsh,Umama_bint_Abdulmuttalib
John_Roosevelt_Boettiger,Anna_Roosevelt_Halsted
Fabien_Cousteau,Jean-Michel_Cousteau
Mustafa_IV,Ayşe_Seniyeperver_Sultan
John_III_of_Navarre,Alain_I_of_Albret
Theodore_II_Laskaris,John_III_Doukas_Vatatzes
"Constance_of_Aragon,_Queen_of_Majorca",Alfonso_IV_of_Aragon
Hrvoje_Vukčić_Hrvatinić,Vukac_Hrvatinić
"Albert,_Prince_Consort","Ernest_I,_Duke_of_Saxe-Coburg_and_Gotha"
Tahmuras_of_Shirvan,Bahlul_of_Shirvan
Mary_of_Modena,Laura_Martinozzi
Prince_Ali_bin_Hussein,Alia_al-Hussein
Sithu_of_Pinya,Shin_Shwe_of_Pagan
Christiane_Charlotte_of_Württemberg-Winnental,"Frederick_Charles,_Duke_of_Württemberg-Winnental"
"Eleanor_of_Austria,_Queen_of_Poland","Ferdinand_III,_Holy_Roman_Emperor"
Abu_Talib_ibn_Abd_al-Muttalib,Fatimah_bint_Amr
"Luis_of_Spain,_Count_of_Chinchón",Philip_V_of_Spain
Janahb_Pakal,Yohl_Ik'nal
James_Johnson_(railway_engineer),Samuel_W._Johnson
García_Íñiguez_of_Pamplona,Íñigo_Arista_of_Pamplona
Philippa_de_Mohun,"John_de_Mohun,_2nd_Baron_Mohun"
Gustaf_VI_Adolf_of_Sweden,Victoria_of_Baden
Zenobia_of_Armenia,Rhadamistus
Nakshatra_(actress),Sumithra_(actress)
Sara_bint_Faisal_Al_Saud,Faisal_of_Saudi_Arabia
Thomas_Stevenson,Robert_Stevenson_(civil_engineer)
Józef_Wielhorski,Michał_Wielhorski_(elder)
Saliha_Sultan_(daughter_of_Mahmud_II),Aşubican_Kadınefendi
"John_Ernest_II,_Duke_of_Saxe-Weimar",Eleonore_Dorothea_of_Anhalt-Dessau
Louis_the_Child,Arnulf_of_Carinthia
Nicholas_Devereux_of_Chanston,Walter_Devereux_(born_1173)
"Henry_Somerset,_5th_Duke_of_Beaufort","Charles_Somerset,_4th_Duke_of_Beaufort"
"John_II,_Duke_of_Brabant","John_I,_Duke_of_Brabant"
"Helena_Palaiologina,_Despotess_of_Serbia",Thomas_Palaiologos
Abraham_Palacci,Haim_Palachi
Jason_Schwartzman,Talia_Shire
Stanisław_Radziwiłł,Elżbieta_Szydłowiecka
Francisco_de_Borbón_y_Borbón,Francisco_de_Borbón_y_de_la_Torre
Sophie_Scholl,Robert_Scholl
Sitdjehuti,Senakhtenre_Ahmose
Elen_ferch_Llywelyn_(the_Elder),"Joan,_Lady_of_Wales"
"Margaret_Mortimer,_Baroness_Berkeley","Roger_Mortimer,_1st_Earl_of_March"
Iset_(daughter_of_Amenhotep_III),Tiye
Prince_Philipp_of_Saxe-Coburg_and_Gotha_(1901-1985),Archduchess_Karoline_Marie_of_Austria
"Princess_Elisabeth,_Duchess_of_Hohenberg",Prince_Felix_of_Bourbon-Parma
Tobias_Manderson-Galvin,Pat_Galvin_(public_servant)
"Waleran_I,_Lord_of_Ligny",Margaret_of_Bar
"Conrad,_Margrave_of_Brandenburg-Stendal","John_I,_Margrave_of_Brandenburg"
Samsam_al-Dawla,'Adud_al-Dawla
Najibullah_Zazi,Mohammed_Wali_Zazi
Isaac_Bayley_Balfour,John_Hutton_Balfour
"George_Louis,_Prince_of_Erbach-Schönberg","Alexander,_Prince_of_Erbach-Schönberg"
Bill_Gates,Mary_Maxwell_Gates
Nasir-ud-Din_Haidar_Shah,Ghazi-ud-Din_Haidar_Shah
"George_Louis,_Prince_of_Nassau-Dillenburg","Louis_Henry,_Prince_of_Nassau-Dillenburg"
"Mary_Catherine_Stanley,_Lady_Derby","Elizabeth_Sackville-West,_Countess_De_La_Warr"
Maria_Grocholska,Franciszka_Ksawera_Brzozowska
"Prince_Pieter-Christiaan_of_Orange-Nassau,_van_Vollenhoven",Princess_Margriet_of_the_Netherlands
Harriet_Miller_Davidson,Lydia_Mackenzie_Falconer_Miller
Charles_Gibson_(special_effects_artist),Henry_Gibson
Tatyana_Yumasheva,Naina_Yeltsina
Emperor_Renzong_of_Song,Consort_Li_(Zhenzong)
"Henry_II,_Duke_of_Lorraine","Charles_III,_Duke_of_Lorraine"
Consolidation_of_Pedro_II_of_Brazil,Maria_Leopoldina_of_Austria
