Robert_Z._Leonard,Mae_Murray
Paula_Wessely,Attila_Hörbiger
Jean-Marie_Serreau,Geneviève_Serreau
Slavica_Ecclestone,Bernie_Ecclestone
"Frederick_I,_Duke_of_Anhalt",Princess_Antoinette_of_Saxe-Altenburg
Jane_Hading,Victor_Koning
"Leopold_II,_Prince_of_Anhalt-Dessau",Gisela_Agnes_of_Anhalt-Köthen
Avinash_Sachdev,Shalmalee_Desai
Lady_Ann_Cunningham,"James_Hamilton,_2nd_Marquess_of_Hamilton"
Paul_Antony-Barber,Glynis_Barber
Eva_Aeppli,Jean_Tinguely
Michael_Simkins,Julia_Deakin
Claudia_Felicitas_of_Austria,"Leopold_I,_Holy_Roman_Emperor"
Daniel_R._Gernatt_Sr.,Flavia_C._Gernatt
Kate_Carnell,Ian_Carnell
Joseph_Highmore,Susanna_Highmore
Prince_Joachim_of_Prussia,Princess_Marie-Auguste_of_Anhalt
Countess_Sophie_Henriette_of_Waldeck,"Ernest,_Duke_of_Saxe-Hildburghausen"
Sean_Casey_(Canadian_politician),Kathleen_Casey
Thursday_October_Christian_II,Mary_%22Polly%22_Young
Lin_Shaye,Clayton_Landey
Leelawati_Bhaskar_Bhagwat,Bhaskar_Ramachandra_Bhagwat
John_Huggins,Ericka_Huggins
Leonard_Bosack,Sandy_Lerner
Chan_Parker,Phil_Woods
Ambika_(Mahabharata),Vichitravirya
Alexander_Korda,Merle_Oberon
Roger_Needham,Karen_Spärck_Jones
"Marie,_Countess_of_Harcourt","Antoine,_Count_of_Vaudémont"
Albia_Dominica,Valens
Wendy_Hughes,Sean_Scully_(actor)
"William_I,_Margrave_of_Meissen",Elisabeth_of_Moravia
Guy_Krohg,Sossen_Krohg
Helena_Guergis,Rahim_Jaffer
Sophie_Hedwig_of_Saxe-Merseburg,"John_Ernest_IV,_Duke_of_Saxe-Coburg-Saalfeld"
"Maria_Teresa_Cybo-Malaspina,_Duchess_of_Massa","Ercole_III_d'Este,_Duke_of_Modena"
"William_Astor,_4th_Viscount_Astor","Annabel_Astor,_Viscountess_Astor"
Robin_Day_(designer),Lucienne_Day
Scott_Bakula,Chelsea_Field
Frank_Grillo,Wendy_Moniz
"Ermesinde_of_Luxembourg,_Countess_of_Namur","Godfrey_I,_Count_of_Namur"
Pierre_Curzi,Marie_Tifo
Herbert_Marshall,Boots_Mallory
Larry_Smith_(editor),Piper_Kerman
Ariane_de_Rothschild,Benjamin_de_Rothschild
Satoshi_Tsumabuki,Maiko_(actress)
Anny_Ondra,Max_Schmeling
Robert_Redford,Lola_Van_Wagenen
Erin_McNaught,Example_(musician)
Bayinnaung,Sanda_Dewi
Alvira_Khan_Agnihotri,Atul_Agnihotri
Gülfem_Hatun,Suleiman_the_Magnificent
Bhagwati_Charan_Vohra,Durgawati_Devi
Cauã_Reymond,Grazi_Massafera
Cheryl_Benard,Zalmay_Khalilzad
Margaret_de_Vere,Sir_Nicholas_de_Loveyne
Lee_Eung-kyung,Lee_Jin-woo_(actor)
Eilís_Dillon,Vivian_Mercier
Dora_Bryan,Bill_Lawton
Bill_Gates,Melinda_Gates
Thomas_Hager,Lauren_Kessler
Bob_Hawke,Blanche_d'Alpuget
Christian_Campbell,America_Olivo
Jane_Lapotaire,Roland_Joffé
Anna_Torv,Mark_Valley
Yaza_Dewi_of_Pagan,Kyaswa
Charlene_Tilton,Johnny_Lee_(singer)
Amelia_Heinle,Michael_Weatherly
Wallace_L._W._Sargent,Anneila_Sargent
Carol_Judge,Thomas_Lee_Judge
Princess_Louise_Caroline_of_Hesse-Kassel,"Friedrich_Wilhelm,_Duke_of_Schleswig-Holstein-Sonderburg-Glücksburg"
Vicente_Fox,Marta_Sahagún_de_Fox
Louise_Nicholson,Nicholas_Wapshott
Ma_Xisheng,Lady_Yang_(Ma_Xisheng's_wife)
Naglaa_Fathi,Hamdi_Qandil
Nina_Leopold_Bradley,Charles_C._Bradley
Eudokia_Ingerina,Basil_I
Jens_Stoltenberg,Ingrid_Schulerud
Princess_Marie_Luise_Charlotte_of_Hesse-Kassel,Prince_Frederick_Augustus_of_Anhalt-Dessau
Dorothy_Schiff,Ted_Thackrey
Haile_Selassie,Menen_Asfaw
Melissa_Joan_Hart,Mark_Wilkerson
"James_Hamilton,_3rd_Duke_of_Abercorn","Rosalind_Hamilton,_Duchess_of_Abercorn"
Mitchell_Hurwitz,Mary_Jo_Keenen
Gene_Saks,Bea_Arthur
Abdul_Hamid_II,Bidar_Kadın
Eric_Foner,Lynn_Garafola
Jiang_Qing,Tang_Na
Ailsa_Piper,Peter_Curtin
Judy_Finnigan,Richard_Madeley
Rachel_Lambert_Mellon,"Stacy_Barcroft_Lloyd,_Jr."
Adelaide_of_Aquitaine,Hugh_Capet
Jacob_Zuma,Nkosazana_Dlamini-Zuma
"Amadeus_II,_Count_of_Savoy",Joan_of_Geneva
Georges_Vanier,Pauline_Vanier
"Sophie_of_Saxony,_Duchess_of_Pomerania","Francis,_Duke_of_Pomerania"
J._William_Fulbright,Harriet_Mayor_Fulbright
Gemini_Ganesan,Pushpavalli
Katherine_LaNasa,French_Stewart
Queen_Myeongseong,Hyeonjong_of_Joseon
José_Ferrer,Phyllis_Hill
Cece_Bell,Tom_Angleberger
Saddam_Hussein,Samira_Shahbandar
Arie_Belldegrun,Rebecka_Belldegrun
Gloria_Hope,Lloyd_Hughes
Samuel_L._Jackson,LaTanya_Richardson
Elsa_Beskow,Natanael_Beskow
John_Spender,Carla_Zampatti
Liu_Bei,Lady_Sun
Queen_Inyeol,Injo_of_Joseon
John_Judge,Patty_Judge
Jacques_Natteau,Yvonne_Furneaux
Olga_Schoberová,Brad_Harris
Emperor_Wen_of_Sui,Dugu_Qieluo
Sally_Eilers,Hoot_Gibson
George_H._W._Bush,Barbara_Bush
Anne_Marie_DeLuise,Peter_DeLuise
Anna_Plöchl,Archduke_John_of_Austria
Lady_Mary_Fox,Charles_Richard_Fox
John_Carroll_(actor),Steffi_Duna
He_Qinglian,Cheng_Xiaonong
Virginia_Bourbon_del_Monte,Edoardo_Agnelli_(industrialist)
Yasuo_Fukuda,Kiyoko_Fukuda_(First_Lady)
Anna-Karin_Hatt,Ola_Alterå
Emilie_of_Saxony,"George,_Margrave_of_Brandenburg-Ansbach"
Richard_Fraser_(actor),Ann_Gillis
Donnelly_Rhodes,Martha_Henry
"Arthur_Wellesley,_2nd_Duke_of_Wellington","Elizabeth_Wellesley,_Duchess_of_Wellington"
Helge_Krog,Tordis_Maurstad
Eva_Braun,Adolf_Hitler
Robin_Scherbatsky,Barney_Stinson
Regelinda,"Herman_I,_Margrave_of_Meissen"
Mary_Leakey,Louis_Leakey
Esther_Szekeres,George_Szekeres
Leilani_Sarelle,Miguel_Ferrer
Thomas_Downey,Carol_Browner
Margie_Abbott,Tony_Abbott
Bertha_Hernández_Fernández,Mariano_Ospina_Pérez
Tricia_Nixon_Cox,Edward_F._Cox
Shuchanda,Zahir_Raihan
Tehmina_Durrani,Ghulam_Mustafa_Khar
Javed_Iqbal_(judge),Nasira_Iqbal
Ingrid_Thulin,Harry_Schein
Chabi,Kublai_Khan
Boris_Barnet,Alla_Kazanskaya
Tim_Owen_(barrister),Jemma_Redgrave
Marg_Helgenberger,Alan_Rosenberg
Heinrich_Schweiger,Ursula_Stenzel
Sarama_(Ramayana),Vibhishana
Don_Hewitt,Marilyn_Berger
Donna_Deegan,Dan_Hicken
Edwin_Samuel_Montagu,Venetia_Stanley_(1887–1948)
Alice_Hathaway_Lee_Roosevelt,Theodore_Roosevelt
Louis_Lentin,Ronit_Lentin
"Elisabeth_of_Brunswick-Wolfenbüttel,_Duchess_of_Saxe-Altenburg",August_of_Saxony
"Frances_Newton,_Baroness_Cobham","William_Brooke,_10th_Baron_Cobham"
Wang_Zhenfeng,Emperor_Ming_of_Liu_Song
Odette_Annable,Dave_Annable
Gertrude_Comfort_Morrow,Irving_Morrow
Françoise_de_Langlade,Oscar_de_la_Renta
Count_Dracula,Brides_of_Dracula
Hani_Mohsin,Tiara_Jacquelina
Aaron_Elkins,Charlotte_Elkins
Irving_Penn,Lisa_Fonssagrives
Gunnar_Myrdal,Alva_Myrdal
Kimberly_Rosen,Richard_Rosen
Robert_Hays,Cherie_Currie
Norman_Podhoretz,Midge_Decter
Martha_Lloyd,Francis_Austen
Vladimir_Naumov,Natalya_Belokhvostikova
Sonja_Ziemann,Charles_Regnier
Tim_Turner,Patricia_Plunkett
Katrina_Bowden,Ben_Jorgensen
Andrea_De_Cruz,Pierre_Png
R._Kelly,Andrea_Kelly_(actress)
Joan_Greenwood,André_Morell
Alfonso_López_Michelsen,Cecilia_Caballero_Blanco
Tanya_Plibersek,Michael_Coutts-Trotter
Aladdin_(Disney_character),Princess_Jasmine
Beatriz_Batarda,Bernardo_Sassetti
Glenn_Ford,Eleanor_Powell
Guido_Santi,Tina_Mascara
"Ferdinand_II,_Holy_Roman_Emperor",Maria_Anna_of_Bavaria_(1574–1616)
Duane_Martin,Tisha_Campbell-Martin
Debbe_Dunning,Steve_Timmons
Faye_Wong,Dou_Wei
Pat_Myne,Alektra_Blue
Kyle_Secor,Kari_Coleman
Tathagata_Mukherjee,Debolina_Dutta
Britney_Spears,Kevin_Federline
Daniel_D._T._Farnsworth,Mary_Ireland_Farnsworth
Regina_Ongsiako_Reyes,Hermilando_Mandanas
Gratien_Gélinas,Huguette_Oligny
Soamsawali,Vajiralongkorn
Herman_Wedel_Jarlsberg,Karen_Wedel-Jarlsberg
Clara_Kimball_Young,James_Young_(director)
Gregory_Hoblit,Debrah_Farentino
Lupita_Tovar,Paul_Kohner
Mark_Cheng,Yukari_Oshima
Claude_Weston,Agnes_Louisa_Weston
Frederuna,Charles_the_Simple
Miriam_A._Ferguson,James_E._Ferguson
Growth_of_Pedro_II_of_Brazil,Teresa_Cristina_of_the_Two_Sicilies
Genevieve_Naylor,Misha_Reznikoff
Gladys_Mills_Phipps,Henry_Carnegie_Phipps
Richard_D._Zanuck,Lili_Gentle
Trista_Sutter,Ryan_Sutter
Harris_Yulin,Gwen_Welles
Isaac_Deutscher,Tamara_Deutscher
Donna_Frye,Skip_Frye
Hussein_Onn,Suhaila_Noah
Doris_Matsui,Bob_Matsui
Jim_Bakker,Tammy_Faye_Messner
Todd_S._Purdum,Dee_Dee_Myers
Justin_Deas,Margaret_Colin
Janet_Auchincloss_Rutherfurd,Lewis_Polk_Rutherfurd
Lili_Bech,Victor_Sjöström
John_Charles_Watts-Russell,Elizabeth_Watts-Russell
"Henry_Petty-Fitzmaurice,_5th_Marquess_of_Lansdowne","Maud_Petty-Fitzmaurice,_Marchioness_of_Lansdowne"
Peverell_Marley,Lina_Basquette
Inga_Jacobi,Henrik_Grevenor
Princess_Pauline_of_Saxe-Weimar-Eisenach,"Charles_Augustus,_Hereditary_Grand_Duke_of_Saxe-Weimar-Eisenach_(1844–1894)"
Rafiath_Rashid_Mithila,Tahsan_Rahman_Khan
Begum_Om_Habibeh_Aga_Khan,Aga_Khan_III
Rick_Perry,Anita_Thigpen_Perry
Alan_Billings,Veronica_Hardstaff
Danielle_Steel,Thomas_Perkins_(businessman)
Teriitaria_II,Pōmare_II
Ida_May_Park,Joseph_De_Grasse
Martha_Stewart_(actress),George_O'Hanlon
Athaliah,Jehoram_of_Judah
Infanta_Eulalia_of_Spain,"Infante_Antonio,_Duke_of_Galliera"
George_Georgiou,Vanessa_Winship
Neil_Kinnock,"Glenys_Kinnock,_Baroness_Kinnock_of_Holyhead"
Shammi_Kapoor,Geeta_Bali
Charles_Wesley,Sarah_Wesley
Gian_Galeazzo_Visconti,Caterina_Visconti
"Catherine_Brandon,_Duchess_of_Suffolk","Charles_Brandon,_1st_Duke_of_Suffolk"
Lee_Hall_(playwright),Beeban_Kidron
Peter_I_of_Serbia,Princess_Zorka_of_Montenegro
Ann_Cryer,Bob_Cryer
Marni_Hodgkin,Alan_Lloyd_Hodgkin
Bebe_Buell,Coyote_Shivers
Jerzy_Antczak,Jadwiga_Barańska
Sinem_Kobal,Kenan_İmirzalıoğlu
Anne_of_Bohemia_and_Hungary,"Ferdinand_I,_Holy_Roman_Emperor"
"Kikuko,_Princess_Takamatsu","Nobuhito,_Prince_Takamatsu"
Florencia_Bertotti,Guido_Kaczka
Princess_Louise_of_Saxe-Hildburghausen,"William,_Duke_of_Nassau"
"Diana_Eccles,_Viscountess_Eccles","John_Eccles,_2nd_Viscount_Eccles"
Princess_Theresa_of_Liechtenstein,Prince_Arnulf_of_Bavaria
Chris_Cunningham,Jenny_Lee_Lindberg
Amy_Brenneman,Brad_Silberling
Edwyn_Burnaby_(courtier),Anne_Caroline_Salisbury
Ned_Balbo,Jane_Satterfield
Jane_Hylton,Euan_Lloyd
Kim_Spalding,Jeanne_Cagney
Amalric_of_Jerusalem,Agnes_of_Courtenay
Terri_Garber,Frank_Howson
Liu_Chi-chun,Yen_Chia-kan
Princess_Marie_Alexandrine_of_Saxe-Weimar-Eisenach,"Heinrich_VII,_Prince_Reuss_of_Köstritz"
Jack_Webb,Julie_London
Kay_Francis,Kenneth_MacKenna
"Frederick_VII,_Margrave_of_Baden-Durlach",Augusta_Marie_of_Holstein-Gottorp
C._J._Cherryh,Jane_Fancher
Princess_Karoline_Mathilde_of_Schleswig-Holstein-Sonderburg-Augustenburg,"Friedrich_Ferdinand,_Duke_of_Schleswig-Holstein"
Anna_of_Russia,"Frederick_William,_Duke_of_Courland"
Phoebe_Hearst,George_Hearst
Lily_Safra,Edmond_Safra
Bathsheba,Uriah_the_Hittite
Marjorie_Daw_(actress),Myron_Selznick
Selene_(Underworld),Michael_Corvin
Lysette_Anthony,Luc_Leestemaker
Cao_Rui,Empress_Mao_(Ming)
Stephen_Edward_Smith,Jean_Kennedy_Smith
Kamala_Devi_(actress),Chuck_Connors
"Valerie,_Margravine_of_Baden","Maximilian,_Margrave_of_Baden"
Charles_Ingalls,Caroline_Ingalls
Hyozo_Omori,Annie_Shepley_Omori
Maria_Klementyna_Sanguszko,Alfred_Józef_Potocki
Derek_Estlin_Purvis,Aija_Terauda
Ordoño_IV_of_León,Urraca_Fernández
Kirsty_Sword_Gusmão,Xanana_Gusmão
"François,_Prince_of_Soubise",Anne_de_Rohan-Chabot
Marie-Anne_Horthemels,Nicolas-Henri_Tardieu
Anna_Gunn,Alastair_Duncan_(actor)
Jeremy_Lloyd,Joanna_Lumley
Jonny_Lee_Miller,Michele_Hicks
Khojaste_Bagherzadeh,Ali_Khamenei
Pedro_I_of_Brazil,Maria_Leopoldina_of_Austria
William_McGregor_Paxton,Elizabeth_Okie_Paxton
Melek_Tourhan,Hussein_Kamel_of_Egypt
Myauk_Pyinthe_II_(Sithu_II),Narapatisithu
John_de_Mol_Jr.,Willeke_Alberti
García_Ramírez_of_Navarre,"Urraca_of_Castile,_Queen_of_Navarre"
James_Dunn_(actor),Frances_Gifford
Jessica_Yu,Mark_Salzman
Jacques_Bergerac,Ginger_Rogers
Betty_Chew,Lim_Guan_Eng
Vanessa_Marshall,Andrew_Kishino
Paul_Michael_Glaser,Elizabeth_Glaser
Marta_Traba,Ángel_Rama
Pamela_Ropner,Thomas_Stuttaford
Silvina_Moschini,Alex_Konanykhin
Flor_Silvestre,Antonio_Aguilar
Charles_Montague_Cooke,Anna_Rice_Cooke
Roxane_Wilson,Grant_Bowler
Nicolle_Wallace,Mark_Wallace
Kaya_Scodelario,Benjamin_Walker_(actor)
Tuun_K'ab'_Hix,Ix_Ek'_Naah
"Thomas_Holland,_1st_Earl_of_Kent",Joan_of_Kent
Anne_of_Austria,Louis_XIII_of_France
Flora_Zabelle_Hitchcock,Raymond_Hitchcock_(actor)
Ingrid_Tarrant,Chris_Tarrant
Isabella_I_of_Castile,Ferdinand_II_of_Aragon
Mallika_Sengupta,Subodh_Sarkar
Konrad_Wolf,Christel_Bodenstein
Patricia_Heaton,David_Hunt_(actor)
Viliami_Tungī_Mailefihi,Sālote_Tupou_III
Jenji_Kohan,Christopher_Noxon
Đurađ_II_Balšić,Jelena_Balšić
Masayoshi_Haneda,Hitomi_(singer)
T.I.,Tameka_Cottle
"Hector_Og_Maclean,_13th_Chief","Archibald_Campbell,_4th_Earl_of_Argyll"
Belinda_Carroll,Michael_Cochrane
"Philip_William,_Elector_Palatine",Anna_Catherine_Constance_Vasa
Antony_Beevor,Artemis_Cooper
Meldrim_Thomson_Jr.,Gale_Thomson
Juliette_Kayyem,David_Jeremiah_Barron
Matilda_of_Savoy,"Louis_III,_Elector_Palatine"
Ivana_Trump,Donald_Trump
Florence_Reed,Malcolm_Williams_(actor)
S._A._Wickramasinghe,Doreen_Young_Wickremasinghe
Astrid_of_Sweden,Leopold_III_of_Belgium
"Bogusław_I,_Duke_of_Pomerania",Anastasia_of_Greater_Poland
Christiana_of_Schleswig-Holstein-Sonderburg-Glücksburg,"Christian_I,_Duke_of_Saxe-Merseburg"
Marcelo_Torcuato_de_Alvear,Regina_Pacini
Teresa_Cristina_of_the_Two_Sicilies,Pedro_II_of_Brazil
Guidobaldo_da_Montefeltro,Elisabetta_Gonzaga
Ryan_Sutter,Trista_Sutter
Paulene_Stone,Laurence_Harvey
Victor_Frankenstein,Elizabeth_Lavenza
"Henry_Raspe,_Landgrave_of_Thuringia",Beatrice_of_Brabant
Rebecca_Welles,Don_Weis
Shruti_(actress),S._Mahendar
Nasiruddin_Yousuff,Shimul_Yousuf
Queen_Gonghye,Seongjong_of_Joseon
Jimmy_Iovine,Liberty_Ross
Miho_Kanno,Masato_Sakai
Connie_Sellecca,John_Tesh
Ivan_Craig,"Princess_Lilian,_Duchess_of_Halland"
Shayne_Saskiw,Shannon_Stubbs
Princess_Shōshi_(1027–1105),Emperor_Go-Reizei
Alva_Myrdal,Gunnar_Myrdal
Vayalar_Ravi,Mercy_Ravi
"Heinrich_XXVII,_Prince_Reuss_Younger_Line",Princess_Elise_of_Hohenlohe-Langenburg
Michał_Wołodyjowski,Barbara_Jeziorkowska
"Albert_II,_Duke_of_Mecklenburg",Euphemia_of_Sweden
"Frederick,_Duke_of_Mecklenburg-Grabow",Christine_Wilhelmine_of_Hesse-Homburg
Agnes_of_Beaujeu,Theobald_I_of_Navarre
Teresa_Lisbon,Patrick_Jane
Kirk_Caldwell,Donna_Tanoue
Ieva_Ilves,Toomas_Hendrik_Ilves
Nancy_Makri,Martin_Gruebele
George_V_of_Hanover,Marie_of_Saxe-Altenburg
Madhu_Dandavate,Pramila_Dandavate
Leo_I_the_Thracian,Verina
Julie_Dawn_Cole,Nick_Wilton
Kate_del_Castillo,Aarón_Díaz
Wilhelmine_Amalia_of_Brunswick-Lüneburg,"Joseph_I,_Holy_Roman_Emperor"
Eleonore_of_Löwenstein-Wertheim,"Ernest_Leopold,_Landgrave_of_Hesse-Rotenburg"
Eddie_Cibrian,Brandi_Glanville
Elsie_Clews_Parsons,Herbert_Parsons
Jack_Webb,Jackie_Loughery
"Ingeborg_of_Denmark,_Duchess_of_Mecklenburg","Henry_III,_Duke_of_Mecklenburg"
Henry_de_Beaumont,"Alice_Comyn,_Countess_of_Buchan"
Felipe_de_Alba,Zsa_Zsa_Gabor
Garson_Kanin,Ruth_Gordon
Callista_Gingrich,Newt_Gingrich
Maria_Enriquez_de_Luna,"Giovanni_Borgia,_2nd_Duke_of_Gandia"
Tranquillina,Gordian_III
Cleopatra_Tucker,Donald_Kofi_Tucker
Shelley_Martel,Howard_Hampton
Edward_Aleksander_Raczyński,Maria_Beatrix_Krasińska
Esmat_Dowlatshahi,Mohsen_Rais
William_Friedkin,Kelly_Lange
Wallace_McCain,Margaret_McCain
Bayezid_I,Devlet_Hatun
Gloria_Foster,Clarence_Williams_III
Catherine_Siachoque,Miguel_Varoni
Ilene_Woods,Ed_Shaughnessy
Chandrika_Kumaratunga,Vijaya_Kumaranatunga
Joseph_Fry_(tea_merchant),Elizabeth_Fry
Robert_Amadas,Elizabeth_Amadas
David_T._Kennedy,Rosario_Kennedy
L._Vijayalakshmi,Surajit_Kumar_De_Datta
Viva_Birkett,Philip_Merivale
Princess_Luisa_Carlotta_of_Naples_and_Sicily,Infante_Francisco_de_Paula_of_Spain
Britt_Allcroft,Angus_Wright_(producer)
Nosiviwe_Mapisa-Nqakula,Charles_Nqakula
Christel_Bodenstein,Konrad_Wolf
Simon_Bradstreet,Anne_Bradstreet
Bidhya_Devi_Bhandari,Madan_Bhandari
Radama_II,Ranavalona_II
Carmen_Giménez_Smith,Evan_Lavender-Smith
Seongjong_of_Joseon,Deposed_Queen_Lady_Yun
Mimi_Smith,George_Toogood_Smith
Stephen_Elliott_(actor),Alice_Hirson
Richard_Kollmar,Anne_Fogarty
Syed_Shamsul_Haque,Anwara_Syed_Haq
John_Slattery,Talia_Balsam
Carlo_Buonaparte,Letizia_Ramolino
Humphrey_Ker,Megan_Ganz
Leanza_Cornett,Mark_Steines
Sandra_Day_O'Connor,John_Jay_O'Connor
"Violet_Manners,_Duchess_of_Rutland","Henry_Manners,_8th_Duke_of_Rutland"
Sangeetha_Krish,Krish_(singer)
Mary_Merrall,Franklin_Dyall
"John_Henry,_Margrave_of_Moravia",Margaret_of_Opava
Glenn_Falkenstein,Frances_Willard_(magician)
Sita_bint_Fahd_Al_Damir,Khalid_of_Saudi_Arabia
Peggy_Cartwright,Phil_Baker_(comedian)
Lee_Radziwill,Herbert_Ross
Ivan_Alexander_of_Bulgaria,Theodora_of_Wallachia
Florence_Gilbert,Edgar_Rice_Burroughs
Béla_III_of_Hungary,"Margaret_of_France,_Queen_of_England_and_Hungary"
Dorothy_Dandridge,Harold_Nicholas
Luther_Reed,Naomi_Childers
Meresankh_II,Khafra
Margaret_Elisabeth_of_Leiningen-Westerburg,"Frederick_I,_Landgrave_of_Hesse-Homburg"
Albert_Salmi,Peggy_Ann_Garner
Sidney_Craig,Jenny_Craig_(entrepreneur)
Christiane_Charlotte_of_Württemberg-Winnental,"William_Frederick,_Margrave_of_Brandenburg-Ansbach"
Elaine_Tettemer_Marshall,E._Pierce_Marshall
Robert_Menzies,Pattie_Menzies
Elisabeth_Delatour_Préval,René_Préval
Ji_Sung,Lee_Bo-young
Fanya_Baron,Aron_Baron
Eadbald_of_Kent,Emma_of_Austrasia
Rachel_Kempson,Michael_Redgrave
Nikephoros_III_Botaneiates,Maria_of_Alania
Bobet_Vidanes,Cory_Vidanes
Octavia_of_the_Julii,Mark_Antony_(Rome_character)
Meta_Vaux_Warrick_Fuller,Solomon_Carter_Fuller
Jean_Peters,Stan_Hough
David_Ben-Gurion,Paula_Ben-Gurion
Frances_Osborne,George_Osborne
Pōtatau_Te_Wherowhero,Whakaawi
Jefferson_Mays,Susan_Lyons
Mark_Shand,Clio_Goldsmith
Ankita_Karan_Patel,Karan_Patel
Zbigniew_Brzezinski,Emilie_Benes_Brzezinski
Harold_Jeffreys,Bertha_Swirles
Vaitiare_Bandera,Peter_Bandera
Roger_I_of_Sicily,Judith_d'Évreux
Kevin_Federline,Britney_Spears
Elinor_Kershaw,Thomas_H._Ince
Max_Frisch,Gertrud_Frisch-von_Meyenburg
Vendela_Kirsebom,Olaf_Thommessen
Emma_Roldán,Alfredo_del_Diestro
Virginia_Christine,Fritz_Feld
Lepa_Brena,Slobodan_Živojinović
Ximena_Armas,Henri_Richelet
Patti_Newton,Bert_Newton
Stacey_Nelkin,Barry_Bostwick
Eric_IV_of_Denmark,Jutta_of_Saxony
Saif_Ali_Khan,Amrita_Singh
Qiao_Guanhua,Zhang_Hanzhi
Kasi_Lemmons,Vondie_Curtis-Hall
Consuelo_de_Saint_Exupéry,Enrique_Gómez_Carrillo
Suzanne_Bernert,Akhil_Mishra
Oksana_Lutsyshyn,Andrey_Kasparov
"Anne,_Princess_Royal_and_Princess_of_Orange","William_IV,_Prince_of_Orange"
Weslyn_Mather,Dick_Mather
William_II_of_Württemberg,Charlotte_of_Schaumburg-Lippe
Puyi,Li_Yuqin
John_Cromwell_(director),Kay_Johnson
Robert_Taylor_(Australian_actor),Ayisha_Davies
Domitilla_the_Elder,Vespasian
Marvin_Minoff,Bonnie_Franklin
Margaret_of_Anhalt-Köthen,"John,_Elector_of_Saxony"
Jacqueline_Piatigorsky,Gregor_Piatigorsky
Clara_Porset,Xavier_Guerrero
Carter_Covington,Patrick_Sean_Smith
Viggo_Hansteen,Kirsten_Hansteen
Mohammed_Nadir_Shah,Mah_Parwar_Begum
Agnes_of_Solms-Laubach,"Maurice,_Landgrave_of_Hesse-Kassel"
Mona_Bruns,Frank_M._Thomas
Stephen_Bekassy,Hanna_Hertelendy
Alexandra_Coelho_Ahndoril,Alexander_Ahndoril
Robin_Chandler_Duke,Angier_Biddle_Duke
Carter_Harrison_Jr.,Edith_Ogden_Harrison
Prince_Gabriel_of_Bourbon-Two_Sicilies,Princess_Cecylia_Lubomirska
Satyavati,Shantanu
Rajesh_Khattar,Neelima_Azeem
David_A._Siegel,Jackie_Siegel
Alex_Hyde-White,Karen_Dotrice
Kanaiyalal_Maneklal_Munshi,Lilavati_Munshi
Bolesław_II_of_Masovia,Gaudemunda_of_Lithuania
Latha_Walpola,Dharmadasa_Walpola
Marc_Chagall,Bella_Rosenfeld
Woody_Allen,Louise_Lasser
Mark_Womack_(British_actor),Samantha_Womack
Rand_Brooks,Stan_Laurel
Katie_Kitamura,Hari_Kunzru
Gillian_Blake,Peter_Whitbread
"Princess_Marilène_of_Orange-Nassau,_van_Vollenhoven","Prince_Maurits_of_Orange-Nassau,_van_Vollenhoven"
Béatrice_Schönberg,Jean-Louis_Borloo
Manav_Gohil,Shweta_Kawatra
Ash_Carter,Clayton_Spencer
Rosemary_Harris,Ellis_Rabb
Antonio_Damasio,Hanna_Damasio
Elaine_S._Edwards,Edwin_Edwards
Danny_DeVito,Rhea_Perlman
"Sir_Charles_Dilke,_2nd_Baronet","Emilia,_Lady_Dilke"
Laulu_Fetauimalemau_Mata'afa,Fiame_Mata'afa_Faumuina_Mulinu'u_II
Felix_Kramer,Rochelle_Lefkowitz
Eileen_Way,Felix_Warden_Brown
Katrine_Conroy,Ed_Conroy_(politician)
Yoshihiro_Togashi,Naoko_Takeuchi
Caroline_St-Hilaire,Maka_Kotto
Martha_Raddatz,Ben_Bradlee_Jr.
Patrick_Tatopoulos,McKenzie_Westmore
Yoshiko_Yamaguchi,Isamu_Noguchi
Kalki_Koechlin,Anurag_Kashyap
Viridis_Visconti,"Leopold_III,_Duke_of_Austria"
Kikko_Matsuoka,Hayato_Tani
Charles_Barron,Inez_Barron
Shin_Shwe_of_Pagan,Narathihapate
Sonia_McMahon,William_McMahon
Vera_Miles,Gordon_Scott
Louise_Thompson_Patterson,Wallace_Thurman
Jayant_Pandurang_Naik,Chitra_Naik
Haskell_Wexler,Rita_Taggart
Lloyd_Hughes,Gloria_Hope
Michael_C._Hall,Jennifer_Carpenter
Cathal_Brugha,Caitlín_Brugha
Henry_de_La_Falaise,Constance_Bennett
George_VII_of_Imereti,Princess_Rodam_of_Kartli
Deepa_Mehta,Paul_Saltzman
Hope_Portocarrero,Anastasio_Somoza_Debayle
Debbie_Dingell,John_Dingell
Rajalakshmi_Parthasarathy,Y._G._Parthasarathy
Richard_Lawson_(actor),Tina_Knowles
"Bernhard_I,_Duke_of_Saxe-Meiningen",Marie_Hedwig_of_Hesse-Darmstadt
Margaret_Rhodes,Denys_Rhodes
Kiersten_Warren,Jonathan_Lemkin
Pete_Wilder,Violet_Turner
Archduke_Karl_Ferdinand_of_Austria,Archduchess_Elisabeth_Franziska_of_Austria
Infanta_Maria_Antonia_of_Portugal,"Robert_I,_Duke_of_Parma"
Hugh_Williams,Margaret_Vyner
"Guy,_Count_of_Flanders",Isabelle_of_Luxembourg
Norma_Reid_Birley,Derek_Birley
Joyce_Carol_Oates,Raymond_J._Smith
Britt_Ekland,Slim_Jim_Phantom
Candy_Spelling,Aaron_Spelling
"Francis_II,_Holy_Roman_Emperor",Caroline_Augusta_of_Bavaria
Kenichi_Suzumura,Maaya_Sakamoto
James_Stewart,Gloria_Hatrick_McLean
Tom_Atkins_(actor),Garn_Stephens
Andrei_Sannikov,Iryna_Khalip
Lia_Boysen,Anders_Ekborg
Mir_Qasim,Mir_Jafar
"Catherine_Hyde,_Duchess_of_Queensberry","Charles_Douglas,_3rd_Duke_of_Queensberry"
Cynthia_Weil,Barry_Mann
Rachel_Qitsualik-Tinsley,Sean_Qitsualik-Tinsley
Hardeep_Singh_Puri,Lakshmi_Puri
Curd_Jürgens,Eva_Bartok
Emmanuelle_Seigner,Roman_Polanski
Alexa_Havins,Justin_Bruening
"Eleanor_Beauchamp,_Duchess_of_Somerset","Thomas_de_Ros,_8th_Baron_de_Ros"
Elijah_Muhammad,Clara_Muhammad
Alexander_Mackenzie_(politician),Jane_Mackenzie
Jonathan_Taplin,Rosanna_DeSoto
Vuslat_Doğan_Sabancı,Ali_Sabancı
Eugene_O'Neill,Agnes_Boulton
Effie_Gray,John_Everett_Millais
Jiaqing_Emperor,Empress_Xiaoherui
Kim_Seung-woo,Lee_Mi-yeon
Katharina_von_Bora,Martin_Luther
Gemini_Ganesan,Savitri_(actress)
Báb,Khadíjih-Bagum
Lisa_Kirk,Robert_Wells_(songwriter)
Ebba_Bernadotte,Prince_Oscar_Bernadotte
Janice_de_Belen,John_Estrada
"Louise_Marie_Adélaïde_de_Bourbon,_Duchess_of_Orléans","Louis_Philippe_II,_Duke_of_Orléans"
Princess_Anna_of_Prussia,Prince_Frederick_William_of_Hesse-Kassel
Nancy_Douglas_Bowditch,William_Robert_Pearmain
Archie_Kao,Zhou_Xun
Victor_Sjöström,Lili_Bech
Izabella_Poniatowska,Jan_Klemens_Branicki
Maria_of_the_Palatinate-Simmern,Charles_IX_of_Sweden
Leonila_Garcia,Carlos_P._Garcia
Bill_Ayers,Bernardine_Dohrn
Louise_Jefferson,George_Jefferson
Omar_Sharif,Faten_Hamama
Andrew_Ziolkowski,Gabrielle_Harrison
Saul_Landau,Nina_Serrano
Gloria_Vanderbilt,Sidney_Lumet
Fiona_Gubelmann,Alex_Weed
"Ernest_Frederick_III,_Duke_of_Saxe-Hildburghausen",Christiane_Sophie_Charlotte_of_Brandenburg-Bayreuth
Marianne_Stokes,Adrian_Scott_Stokes
Kathleen_Widdoes,Richard_Jordan
Dean_Potter,Steph_Davis
Mary_Cholmondeley_(heiress),Hugh_Cholmondeley_(soldier)
Natalya_Kaspersky,Eugene_Kaspersky
Annia_Faustina,Pomponius_Bassus_(consul_211)
Rita_Pavone,Teddy_Reno
Sharad_Kelkar,Keerti_Gaekwad_Kelkar
Maryam_d'Abo,Hugh_Hudson
Lalu_Prasad_Yadav,Rabri_Devi
Marcy_Walker,Billy_Warlock
Gerald_David_Lascelles,Angela_Lascelles
Jon_Wiener,Judy_Fiskin
Matteo_Renzi,Agnese_Landini
Krystyna_Drohojowska,Hassling-Ketling_of_Elgin
Hans_Grundig,Lea_Grundig
J._Christopher_Burch,Tory_Burch
Millard_Fillmore,Abigail_Fillmore
"Henry_II,_Duke_of_Lorraine",Catherine_de_Bourbon
Chen_Yunshang,Tang_Yuhan
Ana_María_de_Huarte_y_Muñiz,Agustín_de_Iturbide
Tutte_Lemkow,Sara_Luzita
Anne_Brolly,Francie_Brolly
Odile_Slynn,"Gordon_Slynn,_Baron_Slynn_of_Hadley"
"Otto_I,_Duke_of_Bavaria",Agnes_of_Loon
Kim_Ho-jin,Kim_Ji-ho
Sona_Mohapatra,Ram_Sampath
"Charles_Howard,_1st_Earl_of_Nottingham","Margaret_Howard,_Countess_of_Nottingham"
Francisco_Rivera_Ordóñez,"Eugenia_Martínez_de_Irujo,_12th_Duchess_of_Montoro"
Terry_Duggan,Anna_Karen
George_Maxwell_Richards,Jean_Ramjohn-Richards
Brennan_Brown,Jenna_Stern
Paul_Bettany,Jennifer_Connelly
Chloe_Shorten,Bill_Shorten
Spiro_Agnew,Judy_Agnew
Gerry_Anderson,Sylvia_Anderson
Nadine_Lewington,Michael_Malarkey
Nicole_Poolman,Jim_Poolman
Amanda_Bennett,Donald_E._Graham
Abolfazl_Poorarab,Anahita_Nemati
"Frederick_III,_Holy_Roman_Emperor","Eleanor_of_Portugal,_Holy_Roman_Empress"
Annette_de_la_Renta,Oscar_de_la_Renta
Nestor_Carbonell,Shannon_Kenny
Karen_Carlson,David_Soul
Soong_Ching-ling,Sun_Yat-sen
Nicole_Ménard,Réjean_Lefebvre
Jean_Wallace,Cornel_Wilde
Robert_Badinter,Élisabeth_Badinter
Andrea_Mitchell,Alan_Greenspan
Djamila_Bouhired,Jacques_Vergès
Jack_Hodgins_(Bones),Angela_Montenegro
Isobel_Elsom,Carl_Harbord
Larry_Parks,Betty_Garrett
Bellamy_Storer_(1847–1922),Maria_Longworth_Nichols_Storer
Beth_Brooke-Marciniak,Michelle_Brooke-Marciniak
Mia_Farrow,Frank_Sinatra
"Geoffrey_Fitz_Peter,_1st_Earl_of_Essex","Aveline_de_Clare,_Countess_of_Essex"
"Claude_Bowes-Lyon,_13th_Earl_of_Strathmore_and_Kinghorne","Frances_Bowes-Lyon,_Countess_of_Strathmore_and_Kinghorne"
Moody_Currier,Hannah_Slade_Currier
Cathy_Shim,Robert_Ben_Garant
Porsha_Williams,Kordell_Stewart
Margarete_Heymann,Harold_Marks
Gustavo_Balcázar_Monzón,Nydia_Quintero_Turbay
Charlotte_Ouisconsin_Clark_Van_Cleve,Horatio_P._Van_Cleve
Omar_Bongo,Patience_Dabany
Kris_Zimmerman,Patric_Zimmerman
Lady_Shuiqiu,Qian_Kuan
Ferdinand_Kettler,Johanna_Magdalene_of_Saxe-Weissenfels
Corky_Ballas,Shirley_Ballas
Carol_Rice_Allen,Nelson_Allen
Countess_Charlotte_of_Dohna-Leistenau,Prince_Karl_Anton_August_of_Schleswig-Holstein-Sonderburg-Beck
Anna_Porphyrogenita,Vladimir_the_Great
Shyama,Fali_Mistry
Lily_Aldrin,Marshall_Eriksen
Tracy_Nelson_(actress),William_R._Moses
G._V._Raja,Karthika_Thirunal_Lakshmi_Bayi
Richard_Epcar,Ellyn_Stern
Tony_Shalhoub,Brooke_Adams_(actress)
Sigourney_Weaver,Jim_Simpson_(director)
Mingyi_Swe,Shin_Myo_Myat
Eric_Eisner,Stacey_Bendet
Bryan_Forbes,Constance_Smith
Estelle_Lefébure,Arthur_(TV_presenter)
Wadanthika,Narapatisithu
"Anne_Blunt,_15th_Baroness_Wentworth",Wilfrid_Scawen_Blunt
Saw_Beza,Swa_Saw_Ke
Anthony_of_Saxony,Maria_Theresa_of_Austria_(1767–1827)
Jörn_Weisbrodt,Rufus_Wainwright
"Wilhelm_Heinrich,_Duke_of_Saxe-Eisenach",Anna_Sophie_Charlotte_of_Brandenburg-Schwedt
Duanmu_Hongliang,Xiao_Hong
Heather_McHugh,Nikolai_B._Popov
Tim_Biskup,Seonna_Hong
Carolyn_Bessette-Kennedy,John_F._Kennedy_Jr.
Carol_Hughes_(actress),Frank_Faylen
Princess_Marianne_of_Prussia,Prince_Wilhelm_of_Hesse-Philippsthal-Barchfeld
Boaz_Yakin,Alma_Har'el
Peter_Mews,Richard_Baylie
Cecilia_Hart,Bruce_Weitz
Lesley_Ann_Warren,Jon_Peters
Bernard_Miles,Josephine_Wilson
Stella_Kowalski,Stanley_Kowalski
Carmen_Binladin,Yeslam_bin_Ladin
Zhao_Tao,Jia_Zhangke
John_Challis,Debbie_Arnold
"Sizzo,_Prince_of_Schwarzburg",Princess_Alexandra_of_Anhalt
"Wilhelmina_of_Prussia,_Princess_of_Orange","William_V,_Prince_of_Orange"
Lotte_Reiniger,Carl_Koch_(director)
Jenny_Seagrove,Madhav_Sharma
Louise_Stanley,Dennis_O'Keefe
Eleanor_Gladys_Copenhaver,Sherwood_Anderson
Eleanor_Oglethorpe,Theophilus_Oglethorpe
Alfred_Ryder,Kim_Stanley
Joe_Costello_(politician),Emer_Costello
Sandra_Echeverría,Leonardo_de_Lozanne
Emperor_Wen_of_Sui,Consort_Chen_(Wen)
Boota_Singh,Zainab_Singh
Mira_Sorvino,Christopher_Backus
Hedy_Lamarr,Friedrich_Mandl
Ingrid_van_Houten-Groeneveld,Cornelis_Johannes_van_Houten
Nancy_Pelosi,Paul_Pelosi
Philip_Kaufman,Rose_Kaufman
Amara_(singer),Frans_Mohede
Ingerid_of_Denmark,Olaf_III_of_Norway
Peter_Robinson_(Northern_Ireland_politician),Iris_Robinson
Sanoe_Lake,Michael_Sterling_Eaton
Brian_Cox_(physicist),Gia_Milinovich
Maria_van_Eicken,Edward_Fortunatus
Peter_Facinelli,Jennie_Garth
Ralph_Merkle,Carol_Shaw_(video_game_designer)
Ann_M._O'Leary,Goodwin_Liu
Cynthia_Klitbo,Francisco_Gattorno
Kinoiki_Kekaulike,Kūhiō_Kalanianaole
Kris_Williams_(filmmaker),Joe_Swanberg
Karan_Singh_Grover,Jennifer_Winget
Shelley_Smith_Mydans,Carl_Mydans
Milton_Viorst,Judith_Viorst
Sissel_Benneche_Osvold,Totto_Osvold
Peter_Brook,Natasha_Parry
Roy_Campbell_(poet),Mary_Garman
Tuanku_Ja'afar_of_Negeri_Sembilan,Tuanku_Najihah
Noshi_Gilani,Saeed_Khan
Unique_Priscilla,Bucek_Depp
LaTanya_Richardson,Samuel_L._Jackson
James_Duff_(writer),Phillip_P._Keene
Sam_Nujoma,Kovambo_Nujoma
Jin_Goo,Kim_Ji-won_(actress)
Demi_Moore,Ashton_Kutcher
Barbara_of_Cilli,"Sigismund,_Holy_Roman_Emperor"
Lawrence_Pressman,Lanna_Saunders
John_Myhers,Joan_Benedict_Steiger
Milonia_Caesonia,Caligula
Enrique_Guzmán,Silvia_Pinal
Tanit_Phoenix,Sharlto_Copley
Elizabeth_Morgan_(actress),Jeremy_Child
Adrian_Scott,Joan_LaCour_Scott
Claude_Kirkpatrick,Edith_Killgore_Kirkpatrick
Kamala_Devi_(actress),Subodh_Mukherjee
Nicholas_Tse,Cecilia_Cheung
"Charles,_Prince_of_Soubise",Anne_Marie_Louise_de_La_Tour_d'Auvergne
Mahasweta_Devi,Bijon_Bhattacharya
Lyda_Salmonova,Paul_Wegener
Shirley_Sherrod,Charles_Sherrod
Chloe_O'Brian,Morris_O'Brian
"Leopold,_Prince_of_Salerno",Archduchess_Clementina_of_Austria
Rishi_Kapoor,Neetu_Singh
Elena_Cué,Alberto_Cortina
Ali_Bongo_Ondimba,Sylvia_Bongo_Ondimba
"Louis,_Count_of_Leiningen-Westerburg",Bernardine_of_Lippe
Wyatt_Emory_Cooper,Gloria_Vanderbilt
Princess_Elisabeth_Albertine_of_Anhalt-Dessau,"Heinrich_of_Saxe-Weissenfels,_Count_of_Barby"
Emibai_Jinnah,Muhammad_Ali_Jinnah
Laodice_IV,Seleucus_IV_Philopator
Tawny_Kitaen,Chuck_Finley
Nick_Raynsford,Alison_Seabeck
Michael_Bennett,Donna_McKechnie
Helen_Lynd,Robert_Staughton_Lynd
Collien_Ulmen-Fernandes,Christian_Ulmen
George_Goodman,Sally_Brophy
Brenda_Bruce,Roy_Rich
Joan_Collins,Peter_Holm
Ashraf_Sinclair,Bunga_Citra_Lestari
Philip_Glenister,Beth_Goddard
Booker_T._Washington,Margaret_Murray_Washington
Henry_Champ,Karen_DeYoung
Hilton_McRae,Lindsay_Duncan
William_Cohen,Janet_Langhart
"Henry_X,_Duke_of_Bavaria",Gertrude_of_Süpplingenburg
"James_II,_Count_of_La_Marche",Joanna_II_of_Naples
Matt_Passmore,Natalia_Cigliuti
Judy_Garland,Mark_Herron
"Eleanor_of_Aragon,_Queen_of_Castile",John_I_of_Castile
Lucy_Cohu,Corey_Johnson_(actor)
Deborra-Lee_Furness,Hugh_Jackman
Göran_Stangertz,Nina_Gunke
Griffon_Ramsey,Geoff_Ramsey
A._J._Liebling,Jean_Stafford
David_Morgan_(businessman),Ros_Kelly
Sonia_Humphrey,Ian_MacDougall
Elisabetta_Visconti,"Ernest,_Duke_of_Bavaria"
